,year,team,Conference,Division,AverageHomeAttendance,CoachFirst,CoachLast,RSGamesCoached,POGamesCoached,PointsScoredPG,PointsAllowedPG,YardsGainedPG,YardsAllowedPG,TurnoversTotal,TurnoversCausedTotal,SeasonWins,SeasonLosses,SeasonTies,DivisionWins,DivisionLosses,DivisionTies,DivisionRank,ConferenceWins,ConferenceLosses,ConferenceTies,Playoffs,PlayoffWins,WonConference,WonSB
0,2001,ARI,NFC,West,38414.375,Dave,McGinnis,16,0,18.4375,21.4375,306.125,355.3125,27,24,7,9,0,2,6,0,4,4,8,0,0,0,0,0
1,2001,ATL,NFC,South,53214.625,Dan,Reeves,16,0,18.1875,23.5625,316.875,365.3125,28,30,7,9,0,3,5,0,4,6,6,0,0,0,0,0
2,2001,BAL,AFC,North,69373.875,Brian,Billick,16,2,18.9375,16.5625,320.25,277.875,36,28,10,6,0,6,4,0,2,8,4,0,1,1,0,0
3,2001,BUF,AFC,East,63092,Gregg,Williams,16,0,16.5625,26.25,321.0625,330.75,33,19,3,13,0,1,7,0,5,2,10,0,0,0,0,0
4,2001,CAR,NFC,South,72385,George,Seifert,16,0,15.8125,25.625,265.875,371.4375,35,36,1,15,0,0,8,0,5,1,11,0,0,0,0,0
5,2001,CHI,NFC,North,66944,Dick,Jauron,16,1,21.125,12.6875,293.375,311.125,24,37,13,3,0,6,2,0,1,10,2,0,1,0,0,0
6,2001,CIN,AFC,North,56867.25,Dick,LeBeau,16,0,14.125,19.3125,300,302,37,28,6,10,0,4,6,0,6,5,8,0,0,0,0,0
7,2001,CLE,AFC,North,72886.75,Butch,Davis,16,0,17.8125,19.9375,259.5,331.0625,33,42,7,9,0,5,5,0,3,6,7,0,0,0,0,0
8,2001,DAL,NFC,East,63187.625,Dave,Campo,16,0,15.375,21.125,275.125,287.4375,34,25,5,11,0,4,4,0,5,5,7,0,0,0,0,0
9,2001,DEN,AFC,West,75035.375,Mike,Shanahan,16,0,21.25,21.1875,301.0625,298.375,27,37,8,8,0,4,4,0,3,5,7,0,0,0,0,0
10,2001,DET,NFC,North,75226.875,Marty,Mornhinweg,16,0,16.875,26.5,312.125,345.0625,38,22,2,14,0,1,7,0,5,2,10,0,0,0,0,0
11,2001,GB,NFC,North,59804.125,Mike,Sherman,16,2,24.375,16.625,341.4375,308.5625,27,39,12,4,0,6,2,0,2,9,3,0,1,1,0,0
12,2001,IND,AFC,South,56343.25,Jim,Mora,16,0,25.8125,30.375,372.1875,357.1875,38,25,6,10,0,3,5,0,4,5,7,0,0,0,0,0
13,2001,JAX,AFC,South,60442.75,Tom,Coughlin,16,0,18.375,17.875,302.5,316.875,27,24,6,10,0,5,5,0,5,5,8,0,0,0,0,0
14,2001,KC,AFC,West,77186,Dick,Vermeil,16,0,20,21.5,354.5625,331.5,33,26,6,10,0,4,4,0,4,5,7,0,0,0,0,0
15,2001,MIA,AFC,East,73469.5,Dave,Wannstedt,16,1,21.5,18.125,301.3125,288,38,28,11,5,0,5,3,0,2,9,3,0,1,0,0,0
16,2001,MIN,NFC,North,"64168.0, None","Dennis,Mike","Green (Weeks:1-16),Tice (Weeks:17)","15,1 ",0,"19.133333333333333, 3.0","24.733333333333334, 19.0","333.73333333333335, 179.0","354.3333333333333, 351.0","35.0, 4.0","18.0, 0.0","5, 0","10, 1","0, 0","3, 0","5, 0","0, 0",4,"4, 0","8, 0","0, 0",0,0,0,0
17,2001,NE,AFC,East,60292,Bill,Belichick,16,3,23.1875,17,305.125,334.5,28,35,11,5,0,6,2,0,1,8,4,0,1,3,1,1
18,2001,NO,NFC,South,70059,Jim,Haslett,16,0,20.8125,25.5625,326.625,316.875,35,30,7,9,0,4,4,0,3,5,7,0,0,0,0,0
19,2001,NYG,NFC,East,78498.125,Jim,Fassel,16,0,18.375,20.0625,333.4375,310.9375,29,28,7,9,0,4,4,0,3,5,7,0,0,0,0,0
20,2001,NYJ,AFC,East,78476,Herman,Edwards,16,1,19.25,18.4375,299.6875,322.0625,21,39,10,6,0,5,3,0,3,8,4,0,1,0,0,0
21,2001,OAK,AFC,West,59011.375,Jon,Gruden,16,2,24.9375,20.4375,335.0625,316.9375,25,24,10,6,0,6,2,0,1,7,5,0,1,1,0,0
22,2001,PHI,NFC,East,65899.125,Andy,Reid,16,3,21.4375,13,307.6875,293.8125,24,33,11,5,0,6,2,0,1,8,4,0,1,2,0,0
23,2001,PIT,AFC,North,62398.875,Bill,Cowher,16,2,22,13.25,367.9375,258.5625,21,28,13,3,0,7,3,0,1,10,3,0,1,1,0,0
24,2001,SD,AFC,West,59355.5,Mike,Riley,16,0,20.75,20.0625,325,306.5,29,31,5,11,0,1,7,0,5,3,9,0,0,0,0,0
25,2001,SEA,NFC,West,60352.25,Mike,Holmgren,16,0,18.8125,20.25,298.25,325.375,21,27,9,7,0,5,3,0,2,8,4,0,0,0,0,0
26,2001,SF,NFC,West,67469.5,Steve,Mariucci,16,1,25.5625,17.625,355.5625,309.625,19,34,12,4,0,6,2,0,2,8,4,0,1,0,0,0
27,2001,STL,NFC,West,66103.625,Mike,Martz,16,3,31.4375,17.0625,418.125,279.4375,44,34,14,2,0,7,1,0,1,10,2,0,1,2,1,0
28,2001,TB,NFC,South,65558.5,Tony,Dungy,16,1,20.25,17.5,293.375,290.8125,22,39,9,7,0,4,4,0,3,7,5,0,1,0,0,0
29,2001,TEN,AFC,South,68799.125,Jeff,Fisher,16,0,21,24.25,334.5,344.6875,28,24,7,9,0,3,7,0,4,4,8,0,0,0,0,0
30,2001,WAS,NFC,East,78046.75,Marty,Schottenheimer,16,0,16,18.9375,277.1875,302.875,28,34,8,8,0,4,4,0,2,6,6,0,0,0,0,0
31,2002,ARI,NFC,West,40909,Dave,McGinnis,16,0,16.375,26.0625,285.1875,376.25,35,25,5,11,0,1,5,0,4,5,7,0,0,0,0,0
32,2002,ATL,NFC,South,68871.75,Dan,Reeves,16,2,25.125,19.625,345.9375,333.375,27,39,9,6,1,4,2,0,2,7,5,0,1,1,0,0
33,2002,BAL,AFC,North,69340.5,Brian,Billick,16,0,19.75,22.125,289.9375,334.5625,32,31,7,9,0,3,3,0,3,7,5,0,0,0,0,0
34,2002,BUF,AFC,East,68462.75,Gregg,Williams,16,0,23.6875,24.8125,349.4375,324.3125,31,19,8,8,0,2,4,0,4,5,7,0,0,0,0,0
35,2002,CAR,NFC,South,71501.875,John,Fox,16,0,16.125,18.875,267.5,290.375,40,33,7,9,0,1,5,0,4,4,8,0,0,0,0,0
36,2002,CHI,NFC,North,60906.875,Dick,Jauron,16,0,17.5625,23.6875,274.6875,350.375,35,28,4,12,0,2,4,0,3,3,9,0,0,0,0,0
37,2002,CIN,AFC,North,52779.375,Dick,LeBeau,16,0,17.4375,28.5,325.375,329.0625,35,20,2,14,0,0,6,0,4,1,11,0,0,0,0,0
38,2002,CLE,AFC,North,73286.75,Butch,Davis,16,1,21.5,20,314.1875,334.25,31,29,9,7,0,3,3,0,2,7,5,0,1,0,0,0
39,2002,DAL,NFC,East,63089.625,Dave,Campo,16,0,13.5625,20.5625,273.4375,329.1875,34,30,5,11,0,1,5,0,4,3,9,0,0,0,0,0
40,2002,DEN,AFC,West,75613,Mike,Shanahan,16,0,24.5,21.5,380.625,301.625,27,22,9,7,0,3,3,0,2,5,7,0,0,0,0,0
41,2002,DET,NFC,North,61217.75,Marty,Mornhinweg,16,0,19.125,28.1875,279.4375,382.3125,31,24,3,13,0,1,5,0,4,3,9,0,0,0,0,0
42,2002,GB,NFC,North,63598.5,Mike,Sherman,16,1,24.875,20.5,347.5,311.5625,28,45,12,4,0,5,1,0,1,9,3,0,1,0,0,0
43,2002,HOU,AFC,South,69915.25,Dom,Capers,16,0,13.3125,22.25,223.25,326.875,29,21,4,12,0,1,5,0,4,2,10,0,0,0,0,0
44,2002,IND,AFC,South,56669.625,Tony,Dungy,16,1,21.8125,19.5625,351,306.8125,32,27,10,6,0,4,2,0,2,8,4,0,1,0,0,0
45,2002,JAX,AFC,South,56277,Tom,Coughlin,16,0,20.5,19.6875,303.1875,333.4375,15,27,6,10,0,1,5,0,3,4,8,0,0,0,0,0
46,2002,KC,AFC,West,78187.875,Dick,Vermeil,16,0,29.1875,24.9375,375,390.5,15,31,8,8,0,2,4,0,4,6,6,0,0,0,0,0
47,2002,MIA,AFC,East,73190.375,Dave,Wannstedt,16,0,23.625,18.8125,337,291,30,30,9,7,0,2,4,0,3,7,5,0,0,0,0,0
48,2002,MIN,NFC,North,64064.625,Mike,Tice,16,0,24.375,27.625,387,360.5625,41,23,6,10,0,4,2,0,2,5,7,0,0,0,0,0
49,2002,NE,AFC,East,68436,Bill,Belichick,16,0,23.8125,21.625,317.8125,336.0625,24,29,9,7,0,4,2,0,2,6,6,0,0,0,0,0
50,2002,NO,NFC,South,67849.5,Jim,Haslett,16,0,27,24.25,325.3125,362.25,30,38,9,7,0,3,3,0,3,7,5,0,0,0,0,0
51,2002,NYG,NFC,East,78651.375,Jim,Fassel,16,1,20,17.4375,364.125,309.3125,27,25,10,6,0,5,1,0,2,8,4,0,1,0,0,0
52,2002,NYJ,AFC,East,78601.5,Herman,Edwards,16,2,22.4375,21,314.75,341.4375,19,23,9,7,0,4,2,0,1,6,6,0,1,1,0,0
53,2002,OAK,AFC,West,60636.5,Bill,Callahan,16,3,28.125,19,389.8125,311.1875,19,31,11,5,0,4,2,0,1,9,3,0,1,2,1,0
54,2002,PHI,NFC,East,65441.875,Andy,Reid,16,2,25.9375,15.0625,350.25,297.125,24,38,12,4,0,5,1,0,1,11,1,0,1,1,0,0
55,2002,PIT,AFC,North,61284.25,Bill,Cowher,16,2,24.375,21.5625,372,302.1875,36,36,10,5,1,6,0,0,1,8,4,0,1,1,0,0
56,2002,SD,AFC,West,61871.625,Marty,Schottenheimer,16,0,20.8125,22.9375,332.8125,377.125,24,27,8,8,0,3,3,0,3,6,6,0,0,0,0,0
57,2002,SEA,NFC,West,63077.625,Mike,Holmgren,16,0,22.1875,23.0625,363.625,365.75,28,30,7,9,0,2,4,0,3,5,7,0,0,0,0,0
58,2002,SF,NFC,West,67699.125,Steve,Mariucci,16,2,22.9375,21.9375,356.3125,322.375,17,27,10,6,0,5,1,0,1,8,4,0,1,1,0,0
59,2002,STL,NFC,West,66062.25,Mike,Martz,16,0,19.75,23.0625,347.4375,314.0625,45,26,7,9,0,4,2,0,2,5,7,0,0,0,0,0
60,2002,TB,NFC,South,65628.875,Jon,Gruden,16,3,21.625,12.25,312.625,252.75,21,38,12,4,0,4,2,0,1,9,3,0,1,3,1,1
61,2002,TEN,AFC,South,68804.625,Jeff,Fisher,16,2,22.9375,20.25,329.5,310.25,25,29,11,5,0,6,0,0,1,9,3,0,1,1,0,0
62,2002,WAS,NFC,East,80493.75,Steve,Spurrier,16,0,19.1875,22.8125,321.4375,299.1875,40,26,7,9,0,1,5,0,3,4,8,0,0,0,0,0
63,2003,ARI,NFC,West,36062.375,Dave,McGinnis,16,0,14.0625,28.25,280.625,344,36,23,4,12,0,1,5,0,4,3,9,0,0,0,0,0
64,2003,ATL,NFC,South,"70488.0, 70412.0","Dan,Wade","Reeves (Weeks:1-9),Phillips (Weeks:10-17)","8,8",0,"16.25, 21.125","30.375, 22.375","271.125, 273.5","418.25, 345.25","19.0, 12.0","11.0, 20.0","1, 4","7, 4","0, 0","0, 2","3, 1","0, 0",4,"1, 3","7, 1","0, 0",0,0,0,0
65,2003,BAL,AFC,North,69579.25,Brian,Billick,16,1,24.4375,17.5625,308.0625,271.3125,38,41,10,6,0,4,2,0,1,7,5,0,1,0,0,0
66,2003,BUF,AFC,East,73015.25,Gregg,Williams,16,0,15.1875,17.4375,271.75,269.5625,34,18,6,10,0,2,4,0,3,4,8,0,0,0,0,0
67,2003,CAR,NFC,South,72820.75,John,Fox,16,4,20.3125,19,321.3125,295.3125,31,26,11,5,0,5,1,0,1,9,3,0,1,3,1,0
68,2003,CHI,NFC,North,59948.125,Dick,Jauron,16,0,17.6875,21.625,273.75,309.1875,29,20,7,9,0,2,4,0,3,4,8,0,0,0,0,0
69,2003,CIN,AFC,North,59936,Marvin,Lewis,16,0,21.625,24,333.0625,351.25,22,24,8,8,0,3,3,0,2,6,6,0,0,0,0,0
70,2003,CLE,AFC,North,73195.5,Butch,Davis,16,0,15.875,20.125,281.5,309.9375,33,22,5,11,0,2,4,0,4,3,9,0,0,0,0,0
71,2003,DAL,NFC,East,63903,Bill,Parcells,16,1,18.0625,16.25,322.5625,253.5,29,25,10,6,0,5,1,0,2,8,4,0,1,0,0,0
72,2003,DEN,AFC,West,75895.875,Mike,Shanahan,16,1,23.8125,18.8125,349.875,277.0625,24,20,10,6,0,5,1,0,2,9,3,0,1,0,0,0
73,2003,DET,NFC,North,61305.25,Steve,Mariucci,16,0,16.875,23.6875,266.375,335,28,28,5,11,0,2,4,0,4,4,8,0,0,0,0,0
74,2003,GB,NFC,North,70352.375,Mike,Sherman,16,2,27.625,19.1875,362.375,318.8125,32,32,10,6,0,4,2,0,1,7,5,0,1,1,0,0
75,2003,HOU,AFC,South,70468.5,Dom,Capers,16,0,15.9375,23.75,269.125,380.125,27,22,5,11,0,1,5,0,4,3,9,0,0,0,0,0
76,2003,IND,AFC,South,56767.25,Tony,Dungy,16,3,27.9375,21,367.125,299.3125,20,30,12,4,0,5,1,0,1,9,3,0,1,2,0,0
77,2003,JAX,AFC,South,53509,Jack,Del Rio,16,0,17.25,20.6875,334.875,291.0625,31,27,5,11,0,2,4,0,3,3,9,0,0,0,0,0
78,2003,KC,AFC,West,78480,Dick,Vermeil,16,1,30.25,20.75,369.375,356.6875,18,37,13,3,0,5,1,0,1,10,2,0,1,0,0,0
79,2003,MIA,AFC,East,73473.375,Dave,Wannstedt,16,0,19.4375,16.3125,288.0625,299.1875,34,36,10,6,0,4,2,0,2,7,5,0,0,0,0,0
80,2003,MIN,NFC,North,64179.625,Mike,Tice,16,0,26,22.0625,393.375,334.75,24,35,9,7,0,4,2,0,2,7,5,0,0,0,0,0
81,2003,NE,AFC,East,68436,Bill,Belichick,16,3,21.75,14.875,314.9375,291.625,24,41,14,2,0,5,1,0,1,11,1,0,1,3,1,1
82,2003,NO,NFC,South,68611.75,Jim,Haslett,16,0,21.25,20.375,339.875,327.125,28,27,8,8,0,3,3,0,2,7,5,0,0,0,0,0
83,2003,NYG,NFC,East,78620,Jim,Fassel,16,0,15.1875,24.1875,308.875,332.5,38,22,4,12,0,1,5,0,4,3,9,0,0,0,0,0
84,2003,NYJ,AFC,East,77781.875,Herman,Edwards,16,0,17.6875,18.6875,309.4375,332.4375,20,20,6,10,0,1,5,0,4,6,6,0,0,0,0,0
85,2003,OAK,AFC,West,55007.875,Bill,Callahan,16,0,16.875,23.6875,285.8125,369,26,25,4,12,0,1,5,0,3,3,9,0,0,0,0,0
86,2003,PHI,NFC,East,68043.625,Andy,Reid,16,2,23.375,17.9375,314.6875,331.6875,22,26,12,4,0,5,1,0,1,9,3,0,1,1,0,0
87,2003,PIT,AFC,North,59698,Bill,Cowher,16,0,18.75,20.4375,299.5,298.9375,28,25,6,10,0,3,3,0,3,5,7,0,0,0,0,0
88,2003,SD,AFC,West,61520.625,Marty,Schottenheimer,16,0,19.5625,27.5625,322.9375,349.5625,31,20,4,12,0,1,5,0,4,2,10,0,0,0,0,0
89,2003,SEA,NFC,West,64018.75,Mike,Holmgren,16,1,25.25,20.4375,351.6875,327.4375,29,28,10,6,0,5,1,0,2,8,4,0,1,0,0,0
90,2003,SF,NFC,West,67580.5,Dennis,Erickson,16,0,24,21.0625,355.4375,308,25,37,7,9,0,2,4,0,3,6,6,0,0,0,0,0
91,2003,STL,NFC,West,66057,Mike,Martz,16,1,27.9375,20.5,341.0625,315.75,39,46,12,4,0,4,2,0,1,8,4,0,1,0,0,0
92,2003,TB,NFC,South,65544,Jon,Gruden,16,0,18.8125,16.5,340.8125,279.125,31,33,7,9,0,2,4,0,3,6,6,0,0,0,0,0
93,2003,TEN,AFC,South,68809,Jeff,Fisher,16,2,27.1875,20.25,343.8125,306.3125,21,34,12,4,0,4,2,0,2,8,4,0,1,1,0,0
94,2003,WAS,NFC,East,80499.625,Steve,Spurrier,16,0,17.9375,23.25,291.1875,338.25,28,30,5,11,0,1,5,0,3,3,9,0,0,0,0,0
95,2004,ARI,NFC,West,37533.375,Dennis,Green,16,0,17.75,20.125,284.375,321.3125,29,30,6,10,0,2,4,0,3,5,7,0,0,0,0,0
96,2004,ATL,NFC,South,70596.125,Jim,Mora,16,2,21.25,21.0625,317.75,325.4375,30,32,11,5,0,4,2,0,1,8,4,0,1,1,0,0
97,2004,BAL,AFC,North,69824.25,Brian,Billick,16,0,19.8125,16.75,273.4375,300.1875,23,34,9,7,0,3,3,0,2,6,6,0,0,0,0,0
98,2004,BUF,AFC,East,71799.875,Mike,Mularkey,16,0,24.6875,17.75,293.1875,264.25,29,39,9,7,0,3,3,0,3,5,7,0,0,0,0,0
99,2004,CAR,NFC,South,73282.375,John,Fox,16,0,22.1875,21.1875,326.5625,336.375,26,38,7,9,0,3,3,0,3,6,6,0,0,0,0,0
100,2004,CHI,NFC,North,61963.25,Lovie,Smith,16,0,14.4375,20.6875,238.5,336.875,37,29,5,11,0,2,4,0,4,4,8,0,0,0,0,0
101,2004,CIN,AFC,North,65531,Marvin,Lewis,16,0,23.375,23.25,321.25,335.3125,32,36,8,8,0,2,4,0,3,4,8,0,0,0,0,0
102,2004,CLE,AFC,North,"73220.5, 72758.5","Butch,Terry","Davis (Weeks:1-12) ,Robiskie (Weeks:13-17) ","11,5",0,"20.454545454545453, 10.2","24.181818181818183, 24.8","298.90909090909093, 238.6","337.0, 301.6","24.0, 16.0","18.0, 10.0","3, 1","8, 4","0, 0","2, 0","4, 0","0, 0",4,"2, 1","5, 4","0, 0",0,0,0,0
103,2004,DAL,NFC,East,63861.5,Bill,Parcells,16,0,18.3125,25.3125,324.8125,330.3125,37,22,6,10,0,2,4,0,3,5,7,0,0,0,0,0
104,2004,DEN,AFC,West,75128.875,Mike,Shanahan,16,1,23.8125,19,395.75,278.6875,29,20,10,6,0,3,3,0,2,7,5,0,1,0,0,0
105,2004,DET,NFC,North,62395.25,Steve,Mariucci,16,0,18.5,21.875,293.3125,337.5625,20,24,6,10,0,2,4,0,3,5,7,0,0,0,0,0
106,2004,GB,NFC,North,70550,Mike,Sherman,16,1,26.5,23.75,397.3125,346.3125,29,15,10,6,0,5,1,0,1,9,3,0,1,0,0,0
107,2004,HOU,AFC,South,70649,Dom,Capers,16,0,19.3125,21.1875,320.5,341.125,25,30,7,9,0,4,2,0,3,6,6,0,0,0,0,0
108,2004,IND,AFC,South,57098.875,Tony,Dungy,16,2,32.625,21.9375,404.6875,370.5625,17,36,12,4,0,5,1,0,1,8,4,0,1,1,0,0
109,2004,JAX,AFC,South,69433,Jack,Del Rio,16,0,16.3125,17.5,313.0625,320.875,22,28,9,7,0,2,4,0,2,6,6,0,0,0,0,0
110,2004,KC,AFC,West,77876.25,Dick,Vermeil,16,0,30.1875,27.1875,418.4375,377.3125,27,21,7,9,0,3,3,0,3,6,6,0,0,0,0,0
111,2004,MIA,AFC,East,"72185.2, 73294.0","Dave,Jim","Wannstedt (Weeks:1-10),Bates (Weeks:11-17)","9,7",0,"13.666666666666666, 21.714285714285715","20.666666666666668, 24.0","271.44444444444446, 280.14285714285717","295.6666666666667, 319.0","22.0, 20.0","7.0, 18.0","1, 3","8, 4","0, 0","0, 1","4, 1","0, 0",4,"0, 2","7, 3","0, 0",0,0,0,0
112,2004,MIN,NFC,North,64121.125,Mike,Tice,16,2,25.3125,24.6875,396.1875,368.875,21,22,8,8,0,3,3,0,2,5,7,0,1,1,0,0
113,2004,NE,AFC,East,68756,Bill,Belichick,16,3,27.3125,16.25,357.625,310.75,27,36,14,2,0,5,1,0,1,10,2,0,1,3,1,1
114,2004,NO,NFC,South,64147.25,Jim,Haslett,16,0,21.75,25.3125,324.5625,383.8125,26,33,8,8,0,3,3,0,2,6,6,0,0,0,0,0
115,2004,NYG,NFC,East,78734.25,Tom,Coughlin,16,0,18.9375,21.6875,295.125,324.1875,24,28,6,10,0,3,3,0,2,5,7,0,0,0,0,0
116,2004,NYJ,AFC,East,77897.625,Herman,Edwards,16,2,20.8125,16.3125,339.875,304.875,16,33,10,6,0,3,3,0,2,7,5,0,1,1,0,0
117,2004,OAK,AFC,West,50742,Norv,Turner,16,0,20,27.625,322.0625,371,35,18,5,11,0,1,5,0,4,3,9,0,0,0,0,0
118,2004,PHI,NFC,East,67608.75,Andy,Reid,16,3,24.125,16.25,351.125,319.6875,22,28,13,3,0,6,0,0,1,11,1,0,1,2,1,0
119,2004,PIT,AFC,North,63423.125,Bill,Cowher,16,2,23.25,15.6875,324,258.375,21,32,15,1,0,5,1,0,1,11,1,0,1,1,0,0
120,2004,SD,AFC,West,60682.75,Marty,Schottenheimer,16,1,27.875,19.5625,346.375,335,18,33,12,4,0,5,1,0,1,9,3,0,1,0,0,0
121,2004,SEA,NFC,West,66679.5,Mike,Holmgren,16,1,23.1875,23.3125,352.125,351.3125,27,35,9,7,0,3,3,0,1,8,4,0,1,0,0,0
122,2004,SF,NFC,West,64783.875,Dennis,Erickson,16,0,16.1875,28.25,286.5625,342.5625,40,21,2,14,0,2,4,0,4,2,10,0,0,0,0,0
123,2004,STL,NFC,West,65923,Mike,Martz,16,2,19.9375,24.5,367.3125,334.5625,39,15,8,8,0,5,1,0,2,7,5,0,1,1,0,0
124,2004,TB,NFC,South,65340,Jon,Gruden,16,0,18.8125,19,310.1875,284.5,36,27,5,11,0,2,4,0,4,4,8,0,0,0,0,0
125,2004,TEN,AFC,South,68901.25,Jeff,Fisher,16,0,21.5,27.4375,342.9375,357.75,31,30,5,11,0,1,5,0,4,3,9,0,0,0,0,0
126,2004,WAS,NFC,East,87833.75,Joe,Gibbs,16,0,15,16.5625,274.8125,267.5625,27,26,6,10,0,1,5,0,4,6,6,0,0,0,0,0
127,2005,ARI,NFC,West,50129.375,Dennis,Green,16,0,19.4375,24.1875,348.4375,295.5625,37,26,5,11,0,3,3,0,3,4,8,0,0,0,0,0
128,2005,ATL,NFC,South,70638.25,Jim,Mora,16,0,21.9375,21.3125,326.5625,325,29,29,8,8,0,2,4,0,3,5,7,0,0,0,0,0
129,2005,BAL,AFC,North,70384.5,Brian,Billick,16,0,16.5625,18.6875,293.3125,284.3125,36,26,6,10,0,2,4,0,3,4,8,0,0,0,0,0
130,2005,BUF,AFC,East,71906,Mike,Mularkey,16,0,16.9375,22.9375,257.625,343.5,26,30,5,11,0,2,4,0,3,5,7,0,0,0,0,0
131,2005,CAR,NFC,South,73462.5,John,Fox,16,3,24.4375,16.1875,309.375,282.625,26,42,11,5,0,4,2,0,2,8,4,0,1,2,0,0
132,2005,CHI,NFC,North,62120.625,Lovie,Smith,16,1,16.25,12.625,256.3125,281.8125,28,34,11,5,0,5,1,0,1,10,2,0,1,0,0,0
133,2005,CIN,AFC,North,65808.625,Marvin,Lewis,16,1,26.3125,21.875,358.125,338.6875,20,44,11,5,0,5,1,0,1,7,5,0,1,0,0,0
134,2005,CLE,AFC,North,72291.25,Romeo,Crennel,16,0,14.5,18.8125,284.375,316.8125,30,23,6,10,0,1,5,0,4,4,8,0,0,0,0,0
135,2005,DAL,NFC,East,63157.25,Bill,Parcells,16,0,20.3125,19.25,325.125,300.875,31,26,9,7,0,3,3,0,3,7,5,0,0,0,0,0
136,2005,DEN,AFC,West,76098.75,Mike,Shanahan,16,2,24.6875,16.125,360.375,312.875,16,36,13,3,0,5,1,0,1,10,2,0,1,1,0,0
137,2005,DET,NFC,North,"61576.0, 61562.0","Steve,Dick","Mariucci (Weeks:1-12),Jauron (Weeks:13-17)","11,5",0,"15.818181818181818, 16.0","20.0, 25.0","272.54545454545456, 264.2","313.90909090909093, 341.0","22.0, 8.0","24.0, 7.0","4, 1","7, 4","0, 0","1, 0","3, 2","0, 0",3,"2, 1","7, 2","0, 0",0,0,0,0
138,2005,GB,NFC,North,70302.375,Mike,Sherman,16,0,18.625,21.5,319.875,293.125,45,21,4,12,0,1,5,0,4,4,8,0,0,0,0,0
139,2005,HOU,AFC,South,70299.625,Dom,Capers,16,0,16.25,26.9375,253.3125,364,24,16,2,14,0,0,6,0,4,1,11,0,0,0,0,0
140,2005,IND,AFC,South,57171.625,Tony,Dungy,16,1,27.4375,15.4375,362.4375,307.0625,19,31,14,2,0,6,0,0,1,11,1,0,1,0,0,0
141,2005,JAX,AFC,South,65689.875,Jack,Del Rio,16,1,22.5625,16.8125,321.8125,290.9375,17,28,12,4,0,4,2,0,2,9,3,0,1,0,0,0
142,2005,KC,AFC,West,77915.625,Dick,Vermeil,16,0,25.1875,20.3125,387,328.0625,23,31,10,6,0,4,2,0,2,9,3,0,0,0,0,0
143,2005,MIA,AFC,East,71907,Nick,Saban,16,0,19.875,19.8125,324.875,317.375,30,31,9,7,0,3,3,0,2,7,5,0,0,0,0,0
144,2005,MIN,NFC,North,63995,Mike,Tice,16,0,19.125,21.5,288.3125,323.3125,30,35,9,7,0,5,1,0,2,8,4,0,0,0,0,0
145,2005,NE,AFC,East,68756,Bill,Belichick,16,2,23.6875,21.125,352,330.1875,24,18,10,6,0,5,1,0,1,7,5,0,1,1,0,0
146,2005,NO,NFC,South,52158.75,Jim,Haslett,16,0,14.6875,24.875,314.4375,312.125,43,19,3,13,0,1,5,0,4,1,11,0,0,0,0,0
147,2005,NYG,NFC,East,78564.875,Tom,Coughlin,16,1,26.375,19.625,361.6875,327.5,25,37,11,5,0,4,2,0,1,8,4,0,1,0,0,0
148,2005,NYJ,AFC,East,77494.75,Herman,Edwards,16,0,15,22.1875,248.125,308.75,34,28,4,12,0,2,4,0,4,3,9,0,0,0,0,0
149,2005,OAK,AFC,West,52306.25,Norv,Turner,16,0,18.125,23.9375,309.4375,330.75,23,19,4,12,0,0,6,0,4,2,10,0,0,0,0,0
150,2005,PHI,NFC,East,67674.125,Andy,Reid,16,0,19.375,24.25,319.3125,325.375,34,27,6,10,0,0,6,0,4,3,9,0,0,0,0,0
151,2005,PIT,AFC,North,63429.25,Bill,Cowher,16,4,24.3125,16.125,321.8125,284,23,30,11,5,0,4,2,0,2,7,5,0,1,4,1,1
152,2005,SD,AFC,West,66239.5,Marty,Schottenheimer,16,0,26.125,19.5,347.9375,309.25,28,20,9,7,0,3,3,0,3,7,5,0,0,0,0,0
153,2005,SEA,NFC,West,66619.25,Mike,Holmgren,16,3,28.25,16.9375,369.6875,316.8125,17,27,13,3,0,6,0,0,1,10,2,0,1,2,1,0
154,2005,SF,NFC,West,65428.25,Mike,Nolan,16,0,14.9375,26.75,224.1875,391.1875,35,26,4,12,0,2,4,0,4,3,9,0,0,0,0,0
155,2005,STL,NFC,West,"65771.0, 65357.166666666664","Mike,Joe","Martz (Weeks:1-5) ,Vitt (Weeks:6-17)","5,11",0,"25.6, 21.363636363636363","29.6, 25.545454545454547","384.8, 331.54545454545456","364.0, 343.8181818181818","13.0, 24.0","7.0, 20.0","2, 4","3, 7","0, 0","1, 0","2, 3","0, 0",2,"1, 2","3, 6","0, 0",0,0,0,0
156,2005,TB,NFC,South,65217.625,Jon,Gruden,16,1,18.75,17.125,294.75,277.75,23,30,11,5,0,5,1,0,1,9,3,0,1,0,0,0
157,2005,TEN,AFC,South,69149,Jeff,Fisher,16,0,18.6875,26.3125,320.125,319.375,26,20,4,12,0,2,4,0,3,3,9,0,0,0,0,0
158,2005,WAS,NFC,East,89624.875,Joe,Gibbs,16,2,22.4375,18.3125,330.5625,297.9375,27,28,10,6,0,5,1,0,2,10,2,0,1,1,0,0
159,2006,ARI,NFC,West,63603.625,Dennis,Green,16,0,19.625,24.3125,312.5,349.4375,30,33,5,11,0,4,2,0,4,5,7,0,0,0,0,0
160,2006,ATL,NFC,South,70432.75,Jim,Mora,16,0,18.25,20.5,331.875,332.8125,20,26,7,9,0,3,3,0,3,5,7,0,0,0,0,0
161,2006,BAL,AFC,North,70818.375,Brian,Billick,16,1,22.0625,12.5625,317,264.0625,23,40,13,3,0,5,1,0,1,10,2,0,1,0,0,0
162,2006,BUF,AFC,East,67646.125,Dick,Jauron,16,0,18.75,19.4375,266.9375,329.5625,29,24,7,9,0,3,3,0,3,5,7,0,0,0,0,0
163,2006,CAR,NFC,South,73567.125,John,Fox,16,0,16.875,19.0625,307.6875,296.0625,27,22,8,8,0,5,1,0,2,6,6,0,0,0,0,0
164,2006,CHI,NFC,North,62223.25,Lovie,Smith,16,3,26.6875,15.9375,324.9375,294.125,36,44,13,3,0,5,1,0,1,11,1,0,1,2,1,0
165,2006,CIN,AFC,North,65983.75,Marvin,Lewis,16,0,23.3125,20.6875,341.375,355.0625,24,31,8,8,0,4,2,0,2,6,6,0,0,0,0,0
166,2006,CLE,AFC,North,72334,Romeo,Crennel,16,0,14.875,22.25,264.5625,344.6875,42,27,4,12,0,0,6,0,4,3,9,0,0,0,0,0
167,2006,DAL,NFC,East,63288.5,Bill,Parcells,16,1,26.5625,21.875,360.75,322.8125,30,31,9,7,0,2,4,0,2,6,6,0,1,0,0,0
168,2006,DEN,AFC,West,76347.75,Mike,Shanahan,16,0,19.9375,19.0625,309.4375,326.25,30,30,9,7,0,3,3,0,3,8,4,0,0,0,0,0
169,2006,DET,NFC,North,60889.5,Rod,Marinelli,16,0,19.0625,24.875,309.3125,345.625,39,30,3,13,0,0,6,0,4,2,10,0,0,0,0,0
170,2006,GB,NFC,North,70718.625,Mike,McCarthy,16,0,18.8125,22.875,341.125,320.875,33,33,8,8,0,5,1,0,2,7,5,0,0,0,0,0
171,2006,HOU,AFC,South,70183.625,Gary,Kubiak,16,0,16.6875,22.875,278.9375,337.5,25,22,6,10,0,3,3,0,4,6,6,0,0,0,0,0
172,2006,IND,AFC,South,57144.25,Tony,Dungy,16,4,26.6875,22.5,379.375,332.25,19,26,12,4,0,3,3,0,1,9,3,0,1,4,1,1
173,2006,JAX,AFC,South,66858.25,Jack,Del Rio,16,0,23.1875,17.125,338.9375,283.625,23,24,8,8,0,2,4,0,3,5,7,0,0,0,0,0
174,2006,KC,AFC,West,77909.375,Herm,Edwards,16,1,20.6875,19.6875,321.4375,328.875,26,30,9,7,0,4,2,0,2,5,7,0,1,0,0,0
175,2006,MIA,AFC,East,73246.625,Nick,Saban,16,0,16.25,17.6875,310,289.0625,25,27,6,10,0,1,5,0,4,3,9,0,0,0,0,0
176,2006,MIN,NFC,North,63717.875,Brad,Childress,16,0,17.625,20.4375,308.9375,300.1875,32,36,6,10,0,2,4,0,3,6,6,0,0,0,0,0
177,2006,NE,AFC,East,68756,Bill,Belichick,16,3,24.0625,14.8125,335.5625,294.375,27,35,12,4,0,4,2,0,1,8,4,0,1,2,0,0
178,2006,NO,NFC,South,68808.75,Sean,Payton,16,2,25.8125,20.125,391.5,307.3125,23,19,10,6,0,4,2,0,1,9,3,0,1,1,0,0
179,2006,NYG,NFC,East,78613.75,Tom,Coughlin,16,1,22.1875,22.625,325.875,342.4375,28,28,8,8,0,4,2,0,3,7,5,0,1,0,0,0
180,2006,NYJ,AFC,East,77321.875,Eric,Mangini,16,1,19.75,18.4375,305.6875,331.625,25,25,10,6,0,4,2,0,2,7,5,0,1,0,0,0
181,2006,OAK,AFC,West,58495.5,Art,Shell,16,0,10.5,20.75,246.1875,284.8125,46,23,2,14,0,0,6,0,4,1,11,0,0,0,0,0
182,2006,PHI,NFC,East,69224.25,Andy,Reid,16,2,24.875,20.5,381.4375,328.0625,24,29,10,6,0,5,1,0,1,9,3,0,1,1,0,0
183,2006,PIT,AFC,North,62432.625,Bill,Cowher,16,0,22.0625,19.6875,357.8125,300.3125,37,29,8,8,0,3,3,0,3,5,7,0,0,0,0,0
184,2006,SD,AFC,West,66378.875,Marty,Schottenheimer,16,1,30.75,18.9375,365,301.5625,15,28,14,2,0,5,1,0,1,10,2,0,1,0,0,0
185,2006,SEA,NFC,West,67977.5,Mike,Holmgren,16,2,20.9375,21.3125,311.0625,330.3125,34,26,9,7,0,3,3,0,1,7,5,0,1,1,0,0
186,2006,SF,NFC,West,68150.875,Mike,Nolan,16,0,18.625,25.75,303.75,344.1875,32,27,7,9,0,3,3,0,3,5,7,0,0,0,0,0
187,2006,STL,NFC,West,65326.25,Scott,Linehan,16,0,22.9375,23.8125,360.4375,335.125,18,32,8,8,0,2,4,0,2,6,6,0,0,0,0,0
188,2006,TB,NFC,South,65582.625,Jon,Gruden,16,0,13.1875,22.0625,270.0625,329.4375,32,20,4,12,0,0,6,0,4,2,10,0,0,0,0,0
189,2006,TEN,AFC,South,69143,Jeff,Fisher,16,0,20.25,25,300.625,369.6875,26,28,8,8,0,4,2,0,2,5,7,0,0,0,0,0
190,2006,WAS,NFC,East,87631.125,Joe,Gibbs,16,0,19.1875,23.5,327.6875,355.5,17,12,5,11,0,1,5,0,4,3,9,0,0,0,0,0
191,2007,ARI,NFC,West,64580.75,Ken,Whisenhunt,16,0,25.25,24.9375,344.0625,330.1875,36,29,8,8,0,3,3,0,2,5,7,0,0,0,0,0
192,2007,ATL,NFC,South,"68891.71428571429, 64925.0","Bobby,Emmitt","Petrino (Weeks:1-14),Thomas (Weeks:15-17)","13,3",0,"14.23076923076923, 24.666666666666668","23.53846153846154, 36.0","300.84615384615387, 300.6666666666667","343.46153846153845, 407.6666666666667","19.0, 5.0","24.0, 4.0","3, 1","10, 2","0, 0","1, 0","4, 1","0, 0",4,"2, 1","7, 2","0, 0",0,0,0,0
193,2007,BAL,AFC,North,71153.25,Brian,Billick,16,0,17.1875,24,302,301.5625,40,23,5,11,0,1,5,0,4,2,10,0,0,0,0,0
194,2007,BUF,AFC,East,71054.625,Dick,Jauron,16,0,15.75,22.125,277.125,362.9375,21,30,7,9,0,4,2,0,2,6,6,0,0,0,0,0
195,2007,CAR,NFC,South,73402.625,John,Fox,16,0,16.6875,21.6875,284.9375,324.8125,29,30,7,9,0,3,3,0,2,7,5,0,0,0,0,0
196,2007,CHI,NFC,North,62158.375,Lovie,Smith,16,0,20.875,21.75,293.25,354.6875,34,33,7,9,0,2,4,0,4,4,8,0,0,0,0,0
197,2007,CIN,AFC,North,65790,Marvin,Lewis,16,0,23.75,24.0625,348,348.75,30,35,7,9,0,3,3,0,3,6,6,0,0,0,0,0
198,2007,CLE,AFC,North,73000.75,Romeo,Crennel,16,0,25.125,23.875,351.3125,359.5625,29,27,10,6,0,3,3,0,2,7,5,0,0,0,0,0
199,2007,DAL,NFC,East,63534.75,Wade,Phillips,16,1,28.4375,20.3125,365.6875,307.625,24,29,13,3,0,4,2,0,1,10,2,0,1,0,0,0
200,2007,DEN,AFC,West,76611.625,Mike,Shanahan,16,0,20,25.5625,346.3125,336,29,30,7,9,0,3,3,0,2,6,6,0,0,0,0,0
201,2007,DET,NFC,North,61304.5,Rod,Marinelli,16,0,21.625,27.75,322.875,377.625,36,35,7,9,0,3,3,0,3,4,8,0,0,0,0,0
202,2007,GB,NFC,North,70805.375,Mike,McCarthy,16,2,27.1875,18.1875,370.6875,313.3125,24,28,13,3,0,4,2,0,1,9,3,0,1,1,0,0
203,2007,HOU,AFC,South,70519.875,Gary,Kubiak,16,0,23.6875,24,333.5625,344.1875,38,25,8,8,0,1,5,0,4,5,7,0,0,0,0,0
204,2007,IND,AFC,South,57304.625,Tony,Dungy,16,1,28.125,16.375,358.6875,279.6875,19,37,13,3,0,5,1,0,1,9,3,0,1,0,0,0
205,2007,JAX,AFC,South,65301.25,Jack,Del Rio,16,2,25.6875,19,357.4375,313.8125,21,30,11,5,0,2,4,0,2,8,4,0,1,1,0,0
206,2007,KC,AFC,West,76777.125,Herm,Edwards,16,0,14.125,20.9375,276.8125,319.4375,33,22,4,12,0,2,4,0,3,3,9,0,0,0,0,0
207,2007,MIA,AFC,East,72229.375,Cam,Cameron,16,0,16.6875,27.3125,287.5,342.1875,29,22,1,15,0,0,6,0,4,1,11,0,0,0,0,0
208,2007,MIN,NFC,North,63255.75,Brad,Childress,16,0,22.8125,19.4375,336.1875,338.125,30,31,8,8,0,3,3,0,2,6,6,0,0,0,0,0
209,2007,NE,AFC,East,68756,Bill,Belichick,16,3,36.8125,17.125,411.25,288.3125,15,31,16,0,0,6,0,0,1,12,0,0,1,2,1,0
210,2007,NO,NFC,South,70004.5,Sean,Payton,16,0,23.6875,24.25,361.25,348.125,30,23,7,9,0,3,3,0,3,6,6,0,0,0,0,0
211,2007,NYG,NFC,East,78731,Tom,Coughlin,16,4,23.3125,21.9375,331.375,305,34,25,10,6,0,3,3,0,2,7,5,0,1,4,1,1
212,2007,NYJ,AFC,East,77106.875,Eric,Mangini,16,0,16.75,22.1875,294.6875,331.875,25,21,4,12,0,2,4,0,3,4,8,0,0,0,0,0
213,2007,OAK,AFC,West,59109.5,Lane,Kiffin,16,0,17.6875,24.875,294.8125,341.625,37,26,4,12,0,2,4,0,4,4,8,0,0,0,0,0
214,2007,PHI,NFC,East,68169.625,Andy,Reid,16,0,21,18.75,358.0625,311.375,27,19,8,8,0,2,4,0,4,5,7,0,0,0,0,0
215,2007,PIT,AFC,North,62084.375,Mike,Tomlin,16,1,24.5625,16.8125,327.4375,266.375,22,25,10,6,0,5,1,0,1,7,5,0,1,0,0,0
216,2007,SD,AFC,West,65502.375,Norv,Turner,16,3,25.75,17.75,315.25,320.25,24,48,11,5,0,5,1,0,1,9,3,0,1,2,0,0
217,2007,SEA,NFC,West,68193.875,Mike,Holmgren,16,2,24.5625,18.1875,348.9375,321.8125,24,34,10,6,0,5,1,0,1,8,4,0,1,1,0,0
218,2007,SF,NFC,West,68028.25,Mike,Nolan,16,0,13.6875,22.75,237.3125,346.1875,34,22,5,11,0,3,3,0,3,4,8,0,0,0,0,0
219,2007,STL,NFC,West,64294.25,Scott,Linehan,16,0,16.4375,27.375,297.5,341.0625,37,27,3,13,0,1,5,0,4,3,9,0,0,0,0,0
220,2007,TB,NFC,South,65316.25,Jon,Gruden,16,1,20.875,16.875,326.8125,278.1875,20,35,9,7,0,5,1,0,1,8,4,0,1,0,0,0
221,2007,TEN,AFC,South,69143,Jeff,Fisher,16,1,18.8125,18.5625,311.6875,291.5625,34,34,10,6,0,4,2,0,3,7,5,0,1,0,0,0
222,2007,WAS,NFC,East,88090.25,Joe,Gibbs,16,1,20.875,19.375,333.375,305.25,29,24,9,7,0,3,3,0,3,7,5,0,1,0,0,0
223,2008,ARI,NFC,West,64096.875,Ken,Whisenhunt,16,4,26.6875,26.625,365.75,331.5,30,30,9,7,0,6,0,0,1,7,5,0,1,3,1,0
224,2008,ATL,NFC,South,62851.625,Mike,Smith,16,1,24.4375,20.3125,361.1875,347.875,21,18,11,5,0,3,3,0,2,8,4,0,1,0,0,0
225,2008,BAL,AFC,North,71269,John,Harbaugh,16,3,24.0625,15.25,324,261.0625,21,34,11,5,0,4,2,0,2,8,4,0,1,2,0,0
226,2008,BUF,AFC,East,68996.125,Dick,Jauron,16,0,21,21.375,305.125,326.0625,30,22,7,9,0,0,6,0,4,5,7,0,0,0,0,0
227,2008,CAR,NFC,South,73210.5,John,Fox,16,1,25.875,20.5625,349.6875,331.1875,19,25,12,4,0,4,2,0,1,8,4,0,1,0,0,0
228,2008,CHI,NFC,North,62034.5,Lovie,Smith,16,0,23.4375,21.875,295.875,334.6875,27,32,9,7,0,4,2,0,2,7,5,0,0,0,0,0
229,2008,CIN,AFC,North,64582.875,Marvin,Lewis,16,0,12.75,22.75,245.375,325.5,26,24,4,11,1,1,5,0,3,3,9,0,0,0,0,0
230,2008,CLE,AFC,North,72778.75,Romeo,Crennel,16,0,14.5,21.875,249.0625,356.5,26,31,4,12,0,1,5,0,4,3,9,0,0,0,0,0
231,2008,DAL,NFC,East,63368,Wade,Phillips,16,0,22.625,22.8125,344.5,294.3125,33,22,9,7,0,3,3,0,3,7,5,0,0,0,0,0
232,2008,DEN,AFC,West,75509.25,Mike,Shanahan,16,0,23.125,28,395.8125,374.5625,30,13,8,8,0,3,3,0,2,5,7,0,0,0,0,0
233,2008,DET,NFC,North,54497.375,Rod,Marinelli,16,0,16.75,32.3125,268.25,404.375,29,20,0,16,0,0,6,0,4,0,12,0,0,0,0,0
234,2008,GB,NFC,North,70682.5,Mike,McCarthy,16,0,26.1875,23.75,351.125,334.3125,21,28,6,10,0,4,2,0,3,5,7,0,0,0,0,0
235,2008,HOU,AFC,South,70420.5,Gary,Kubiak,16,0,22.875,24.625,382.0625,336.5625,32,22,8,8,0,2,4,0,3,5,7,0,0,0,0,0
236,2008,IND,AFC,South,66378.25,Tony,Dungy,16,1,23.5625,18.625,335.5,310.9375,17,26,12,4,0,4,2,0,2,10,2,0,1,0,0,0
237,2008,JAX,AFC,South,65167.25,Jack,Del Rio,16,0,18.875,22.9375,319.125,330.9375,24,17,5,11,0,2,4,0,4,3,9,0,0,0,0,0
238,2008,KC,AFC,West,74077.75,Herm,Edwards,16,0,18.1875,27.5,308.6875,393.1875,24,29,2,14,0,2,4,0,4,2,10,0,0,0,0,0
239,2008,MIA,AFC,East,65489.875,Tony,Sparano,16,1,21.5625,19.8125,345.5625,329,13,30,11,5,0,4,2,0,1,8,4,0,1,0,0,0
240,2008,MIN,NFC,North,63267,Brad,Childress,16,1,23.6875,20.8125,330.5,292.4375,31,25,10,6,0,4,2,0,1,8,4,0,1,0,0,0
241,2008,NE,AFC,East,68756,Bill,Belichick,16,0,25.625,19.3125,365.4375,309,21,22,11,5,0,4,2,0,2,7,5,0,0,0,0,0
242,2008,NO,NFC,South,71734.5,Sean,Payton,16,0,28.9375,24.5625,410.6875,339.5,26,22,8,8,0,2,4,0,4,5,7,0,0,0,0,0
243,2008,NYG,NFC,East,79069.25,Tom,Coughlin,16,1,26.6875,18.375,355.9375,292,13,22,12,4,0,4,2,0,1,9,3,0,1,0,0,0
244,2008,NYJ,AFC,East,78482.25,Eric,Mangini,16,0,25.3125,22.25,331.6875,329.375,31,30,9,7,0,4,2,0,3,7,5,0,0,0,0,0
245,2008,OAK,AFC,West,"62285.0, 56371.666666666664","Lane,Tom","Kiffin (Weeks:1-5),Cable (Weeks:6-17)","4,12",0,"19.5, 15.416666666666666","25.25, 23.916666666666668","308.0, 260.3333333333333","326.0, 372.5833333333333","6.0, 17.0","7.0, 17.0","1, 4","3, 8","0, 0","1, 1","2, 2","0, 0",3,"1, 3","3, 5","0, 0",0,0,0,0
246,2008,PHI,NFC,East,69144,Andy,Reid,16,3,26,18.0625,350.5,274.3125,26,29,9,6,1,2,4,0,2,7,5,0,1,2,0,0
247,2008,PIT,AFC,North,62890.625,Mike,Tomlin,16,3,21.6875,13.9375,311.9375,237.1875,25,29,12,4,0,6,0,0,1,10,2,0,1,3,1,1
248,2008,SD,AFC,West,68138.375,Norv,Turner,16,2,27.4375,21.6875,349,349.9375,20,24,8,8,0,5,1,0,1,7,5,0,1,1,0,0
249,2008,SEA,NFC,West,67995.625,Mike,Holmgren,16,0,18.375,24.5,274.0625,378,27,20,4,12,0,3,3,0,3,3,9,0,0,0,0,0
250,2008,SF,NFC,West,"67431.25, 67594.5","Mike,Mike","Nolan (Weeks:1-7) ,Singletary (Weeks:8-17)","7,9",0,"22.571428571428573, 20.11111111111111","28.0, 20.555555555555557","299.42857142857144, 320.22222222222223","339.42857142857144, 315.55555555555554","18.0, 17.0","10.0, 8.0","2, 5","5, 4","0, 0","1, 2","1, 2","0, 0",2,"2, 3","4, 3","0, 0",0,0,0,0
251,2008,STL,NFC,West,"61197.0, 59574.833333333336","Scott,Jim","Linehan(Weeks:1-4),Haslett (Weeks:5-17)","4,12",0,"10.75, 15.75","36.75, 26.5","246.75, 300.75","411.75, 358.5833333333333","5.0, 26.0","2.0, 24.0","0, 2","4, 10","0, 0","0, 0","1, 5","0, 0",4,"0, 2","3, 7","0, 0",0,0,0,0
252,2008,TB,NFC,South,64511,Jon,Gruden,16,0,22.5625,20.1875,341,306.125,26,30,9,7,0,3,3,0,3,8,4,0,0,0,0,0
253,2008,TEN,AFC,South,69143,Jeff,Fisher,16,1,23.4375,14.625,313.625,293.625,17,31,13,3,0,4,2,0,1,9,3,0,1,0,0,0
254,2008,WAS,NFC,East,88604.375,Jim,Zorn,16,0,16.5625,18.5,320,288.8125,18,18,8,8,0,3,3,0,4,7,5,0,0,0,0,0
255,2009,ARI,NFC,West,63142.875,Ken,Whisenhunt,16,2,23.4375,20.3125,344.375,346.4375,36,29,10,6,0,4,2,0,1,8,4,0,1,1,0,0
256,2009,ATL,NFC,South,68173.625,Mike,Smith,16,0,22.6875,20.3125,340.4375,348.875,25,28,9,7,0,3,3,0,2,6,6,0,0,0,0,0
257,2009,BAL,AFC,North,71082.5,John,Harbaugh,16,2,24.4375,16.3125,351.1875,300.5,22,32,9,7,0,3,3,0,2,7,5,0,1,1,0,0
258,2009,BUF,AFC,East,"70223.75, 65392.5","Dick,Perry","Jauron (Weeks:1-10),Fewell (Weeks:11-17)","9,7",0,"15.555555555555555, 16.857142857142858","23.333333333333332, 16.571428571428573","268.22222222222223, 281.14285714285717","373.0, 298.85714285714283","17.0, 13.0","19.0, 14.0","3, 3","6, 4","0, 0","1, 1","2, 2","0, 0",4,"1, 3","5, 3","0, 0",0,0,0,0
259,2009,CAR,NFC,South,73289.25,John,Fox,16,0,19.6875,19.25,331.0625,315.8125,31,37,8,8,0,4,2,0,3,8,4,0,0,0,0,0
260,2009,CHI,NFC,North,62250,Lovie,Smith,16,0,20.4375,23.4375,310.3125,337.75,34,28,7,9,0,3,3,0,3,5,7,0,0,0,0,0
261,2009,CIN,AFC,North,64004,Marvin,Lewis,16,1,19.0625,18.1875,309.125,301.375,25,25,10,6,0,6,0,0,1,7,5,0,1,0,0,0
262,2009,CLE,AFC,North,68888.75,Eric,Mangini,16,0,15.3125,23.4375,260.1875,389.3125,31,19,5,11,0,1,5,0,4,5,7,0,0,0,0,0
263,2009,DAL,NFC,East,89756.875,Wade,Phillips,16,2,22.5625,15.625,399.375,315.875,19,21,11,5,0,4,2,0,1,9,3,0,1,1,0,0
264,2009,DEN,AFC,West,75116,Josh,McDaniels,16,0,20.375,20.25,341.4375,315,23,30,8,8,0,3,3,0,2,6,6,0,0,0,0,0
265,2009,DET,NFC,North,49395.25,Jim,Schwartz,16,0,16.375,30.875,299,392.125,41,23,2,14,0,0,6,0,4,1,11,0,0,0,0,0
266,2009,GB,NFC,North,70708.25,Mike,McCarthy,16,1,28.8125,18.5625,379.0625,284.4375,16,40,11,5,0,4,2,0,2,9,3,0,1,0,0,0
267,2009,HOU,AFC,South,70608,Gary,Kubiak,16,0,24.25,20.8125,383.0625,324.875,28,27,9,7,0,1,5,0,2,6,6,0,0,0,0,0
268,2009,IND,AFC,South,66549.75,Jim,Caldwell,16,3,26,19.1875,363.0625,339.1875,24,26,14,2,0,6,0,0,1,10,2,0,1,2,1,0
269,2009,JAX,AFC,South,49651.75,Jack,Del Rio,16,0,18.125,23.75,336.5625,352.3125,23,25,7,9,0,3,3,0,4,6,6,0,0,0,0,0
270,2009,KC,AFC,West,67514.25,Todd,Haley,16,0,18.375,26.5,303.1875,388.1875,27,28,4,12,0,2,4,0,4,3,9,0,0,0,0,0
271,2009,MIA,AFC,East,67542.75,Tony,Sparano,16,0,22.5,24.375,337.5625,349.3125,29,21,7,9,0,4,2,0,3,5,7,0,0,0,0,0
272,2009,MIN,NFC,North,63775.375,Brad,Childress,16,2,29.375,19.5,379.625,305.5,18,24,12,4,0,5,1,0,1,9,3,0,1,1,0,0
273,2009,NE,AFC,East,68756,Bill,Belichick,16,1,26.6875,17.8125,397.3125,320.1875,22,28,10,6,0,4,2,0,1,7,5,0,1,0,0,0
274,2009,NO,NFC,South,70105,Sean,Payton,16,3,31.875,21.3125,403.8125,357.75,28,39,13,3,0,4,2,0,1,9,3,0,1,3,1,1
275,2009,NYG,NFC,East,78701.875,Tom,Coughlin,16,0,25.125,26.6875,366,324.875,31,24,8,8,0,4,2,0,3,6,6,0,0,0,0,0
276,2009,NYJ,AFC,East,77052.5,Rex,Ryan,16,3,21.75,14.75,321,252.3125,30,31,9,7,0,2,4,0,2,7,5,0,1,2,0,0
277,2009,OAK,AFC,West,44284.5,Tom,Cable,16,0,12.3125,23.6875,266.125,361.9375,33,20,5,11,0,2,4,0,3,4,8,0,0,0,0,0
278,2009,PHI,NFC,East,69144,Andy,Reid,16,1,26.8125,21.0625,357.875,321.0625,23,38,11,5,0,4,2,0,2,9,3,0,1,0,0,0
279,2009,PIT,AFC,North,63485.25,Mike,Tomlin,16,0,23,20.25,371.3125,305.3125,25,22,9,7,0,2,4,0,3,6,6,0,0,0,0,0
280,2009,SD,AFC,West,67543.125,Norv,Turner,16,1,28.375,20,360.0625,327,17,25,13,3,0,5,1,0,1,9,3,0,1,0,0,0
281,2009,SEA,NFC,West,67392.625,Jim,Mora,16,0,17.5,24.375,316.8125,356.4375,31,23,5,11,0,3,3,0,3,4,8,0,0,0,0,0
282,2009,SF,NFC,West,69732,Mike,Singletary,16,0,20.625,17.5625,290.75,326.375,24,33,8,8,0,5,1,0,2,7,5,0,0,0,0,0
283,2009,STL,NFC,West,55237.625,Steve,Spagnuolo,16,0,10.9375,27.25,279.375,372.8125,33,20,1,15,0,0,6,0,4,1,11,0,0,0,0,0
284,2009,TB,NFC,South,65649.25,Raheem,Morris,16,0,15.25,25,287.5,365.5625,34,29,3,13,0,1,5,0,4,3,9,0,0,0,0,0
285,2009,TEN,AFC,South,69143,Jeff,Fisher,16,0,22.125,25.125,351.4375,365.625,31,27,8,8,0,2,4,0,3,4,8,0,0,0,0,0
286,2009,WAS,NFC,East,84794,Jim,Zorn,16,0,16.625,21,312.5,319.6875,28,17,4,12,0,0,6,0,4,2,10,0,0,0,0,0
287,2010,ARI,NFC,West,62774.625,Ken,Whisenhunt,16,0,18.0625,27.125,269.3125,373.5625,35,30,5,11,0,1,5,0,4,3,9,0,0,0,0,0
288,2010,ATL,NFC,South,67850,Mike,Smith,16,1,25.875,18,341.125,332.4375,17,31,13,3,0,5,1,0,1,10,2,0,1,0,0,0
289,2010,BAL,AFC,North,71227.125,John,Harbaugh,16,2,22.3125,16.875,322.875,318.875,20,27,12,4,0,4,2,0,2,9,3,0,1,1,0,0
290,2010,BUF,AFC,East,61639,Chan,Gailey,16,0,17.6875,26.5625,304.875,361.625,39,22,4,12,0,1,5,0,4,3,9,0,1,0,0,0
291,2010,CAR,NFC,South,72620.625,John,Fox,16,0,12.25,25.5,258.4375,335.875,37,29,2,14,0,0,6,0,4,2,10,0,0,0,0,0
292,2010,CHI,NFC,North,62195.125,Lovie,Smith,16,2,20.875,17.875,289.4375,314.3125,31,35,11,5,0,5,1,0,1,8,4,0,1,1,0,0
293,2010,CIN,AFC,North,60364.625,Marvin,Lewis,16,0,20.125,24.6875,330.5625,332,34,26,4,12,0,2,4,0,4,3,9,0,0,0,0,0
294,2010,CLE,AFC,North,66116.625,Eric,Mangini,16,0,16.9375,20.75,289.6875,350.0625,29,28,5,11,0,1,5,0,3,3,9,0,0,0,0,0
295,2010,DAL,NFC,East,"87138.5, 86955.75","Wade,Jason","Phillips (Weeks:1-9),Garrett (Weeks:10-17)","8,8",0,"20.125, 29.125","29.0, 25.5","359.25, 369.25","338.25, 365.25","19.0, 11.0","10.0, 20.0","1, 5","7, 3","0, 0","0, 3","2, 1","0, 0",3,"0, 4","5, 3","0, 0",0,0,0,0
296,2010,DEN,AFC,West,"75236.33333333333, 73923.0","Josh,Eric","McDaniels (Weeks:1-13),Studesville (Weeks:14-17)","12,4",0,"21.333333333333332, 22.0","27.75, 34.5","357.5833333333333, 322.75","378.8333333333333, 426.75","17.0, 10.0","12.0, 6.0","3, 1","9, 3","0, 0","1, 0","3, 2","0, 0",4,"2, 1","7, 2","0, 0",0,0,0,0
297,2010,DET,NFC,North,56285.75,Jim,Schwartz,16,0,22.625,23.0625,338.9375,343.5625,25,29,6,10,0,2,4,0,3,5,7,0,0,0,0,0
298,2010,GB,NFC,North,70795.25,Mike,McCarthy,16,4,24.25,15,358.125,309.0625,22,32,10,6,0,4,2,0,2,8,4,0,1,4,1,1
299,2010,HOU,AFC,South,71080.375,Gary,Kubiak,16,0,24.375,26.6875,386.625,376.9375,18,18,6,10,0,3,3,0,3,5,7,0,1,0,0,0
300,2010,IND,AFC,South,66975.25,Jim,Caldwell,16,1,27.1875,24.25,380.75,341.5625,25,21,10,6,0,4,2,0,1,8,4,0,1,0,0,0
301,2010,JAX,AFC,South,63032.75,Jack,Del Rio,16,0,22.0625,26.1875,341.25,371.8125,33,18,8,8,0,3,3,0,2,7,5,0,0,0,0,0
302,2010,KC,AFC,West,67672.5,Todd,Haley,16,1,22.875,20.375,349.6875,330.1875,14,23,10,6,0,2,4,0,1,6,6,0,1,0,0,0
303,2010,MIA,AFC,East,67744.875,Tony,Sparano,16,0,17.0625,20.8125,323.125,309.3125,31,19,7,9,0,2,4,0,3,5,7,0,0,0,0,0
304,2010,MIN,NFC,North,"63916.6, 50142.0","Brad,Leslie","Childress (Weeks:1-11),Frazier (Weeks:12-17)","10,6",0,"17.2, 18.166666666666668","22.6, 20.333333333333332","336.8, 278.5","317.1, 305.1666666666667","25.0, 12.0","12.0, 14.0","3, 3","7, 3","0, 0","1, 0","3, 2","0, 0",4,"3, 2","4, 3","0, 0",0,0,0,0
305,2010,NE,AFC,East,68756,Bill,Belichick,16,1,32.375,19.5625,363.75,366.5,10,38,14,2,0,5,1,0,1,10,2,0,1,0,0,0
306,2010,NO,NFC,South,70038,Sean,Payton,16,1,24,19.1875,372.5,306.25,31,25,11,5,0,4,2,0,2,9,3,0,1,0,0,0
307,2010,NYG,NFC,East,78894.5,Tom,Coughlin,16,0,24.625,21.6875,380.3125,311.875,42,39,10,6,0,3,3,0,2,8,4,0,0,0,0,0
308,2010,NYJ,AFC,East,78596,Rex,Ryan,16,3,22.9375,19,351,291.5,21,30,11,5,0,4,2,0,2,9,3,0,1,2,0,0
309,2010,OAK,AFC,West,46431,Tom,Cable,16,0,25.625,23.1875,354.625,322.8125,26,24,8,8,0,6,0,0,3,6,6,0,0,0,0,0
310,2010,PHI,NFC,East,69144,Andy,Reid,16,1,27.4375,23.5625,389.375,327.1875,25,34,10,6,0,4,2,0,1,7,5,0,1,0,0,0
311,2010,PIT,AFC,North,63083.625,Mike,Tomlin,16,3,23.4375,14.5,345.3125,276.8125,18,35,12,4,0,5,1,0,1,9,3,0,1,2,1,0
312,2010,SD,AFC,West,65530.125,Norv,Turner,16,0,27.5625,20.125,395.5625,271.5625,29,23,9,7,0,3,3,0,2,7,5,0,0,0,0,0
313,2010,SEA,NFC,West,66992.75,Pete,Carroll,16,2,19.375,25.4375,297.8125,368.5625,31,22,7,9,0,4,2,0,1,6,6,0,1,1,0,0
314,2010,SF,NFC,West,"71761.85714285714, 69732.0","Mike,Jim","Singletary (Weeks:1-16),Tomsula (Weeks:17)","15,1",0,"17.8, 38.0","22.6, 7.0","310.06666666666666, 362.0","331.0, 279.0","23.0, 0.0","20.0, 2.0","5, 1","10, 0","0, 0","3, 1","2, 0","0, 0",3,"3, 1","8, 0","0, 0",0,0,0,0
315,2010,STL,NFC,West,52922.875,Steve,Spagnuolo,16,0,18.0625,20.5,302.875,336.75,21,26,7,9,0,3,3,0,2,5,7,0,0,0,0,0
316,2010,TB,NFC,South,49314.125,Raheem,Morris,16,0,21.3125,19.875,335.125,332.6875,19,28,10,6,0,3,3,0,3,8,4,0,0,0,0,0
317,2010,TEN,AFC,South,69143,Jeff,Fisher,16,0,22.25,21.1875,302.125,367.6875,29,25,6,10,0,2,4,0,4,3,9,0,0,0,0,0
318,2010,WAS,NFC,East,83172.5,Mike,Shanahan,16,0,18.875,23.5625,335.875,389.25,31,27,6,10,0,2,4,0,4,4,8,0,0,0,0,0
319,2011,ARI,NFC,West,61181.875,Ken,Whisenhunt,16,0,19.5,21.75,324.5,355.125,32,19,8,8,0,4,2,0,2,7,5,0,0,0,0,0
320,2011,ATL,NFC,South,68986.5,Mike,Smith,16,1,25.125,21.875,376.625,333.625,21,29,10,6,0,3,3,0,2,7,5,0,1,0,0,0
321,2011,BAL,AFC,North,71224,John,Harbaugh,16,2,23.625,16.625,338.6875,288.875,24,26,12,4,0,6,0,0,1,9,3,0,1,1,0,0
322,2011,BUF,AFC,East,61305.375,Chan,Gailey,16,0,23.25,27.125,351.5,371.125,30,31,6,10,0,1,5,0,4,4,8,0,0,0,0,0
323,2011,CAR,NFC,South,72292.75,Ron,Rivera,16,0,25.375,26.8125,389.8125,377.625,23,24,6,10,0,2,4,0,3,3,9,0,0,0,0,0
324,2011,CHI,NFC,North,62145.75,Lovie,Smith,16,0,22.0625,21.3125,314.125,350.4375,29,31,8,8,0,3,3,0,3,7,5,0,0,0,0,0
325,2011,CIN,AFC,North,49251.125,Marvin,Lewis,16,1,21.5,20.1875,319.875,316.25,22,22,9,7,0,2,4,0,3,6,6,0,1,0,0,0
326,2011,CLE,AFC,North,65859.25,Pat,Shurmur,16,0,13.625,19.1875,288.8125,332.375,19,20,4,12,0,0,6,0,4,3,9,0,0,0,0,0
327,2011,DAL,NFC,East,85512,Jason,Garrett,16,0,23.0625,21.6875,375.5,343.1875,21,25,8,8,0,2,4,0,3,6,6,0,0,0,0,0
328,2011,DEN,AFC,West,75327.25,John,Fox,16,2,19.3125,24.375,316.625,357.8125,30,18,8,8,0,3,3,0,1,6,6,0,1,1,0,0
329,2011,DET,NFC,North,63742.5,Jim,Schwartz,16,1,29.625,24.1875,396.0625,367.5625,23,34,10,6,0,3,3,0,2,6,6,0,1,0,0,0
330,2011,GB,NFC,North,70512.125,Mike,McCarthy,16,1,35,22.4375,405.125,411.5625,14,38,15,1,0,6,0,0,1,12,0,0,1,0,0,0
331,2011,HOU,AFC,South,71496.125,Gary,Kubiak,16,2,23.8125,17.375,372.125,285.6875,20,27,10,6,0,4,2,0,1,8,4,0,1,1,0,0
332,2011,IND,AFC,South,64828.375,Jim,Caldwell,16,0,15.1875,26.875,286.8125,370.9375,29,17,2,14,0,2,4,0,4,2,10,0,0,0,0,0
333,2011,JAX,AFC,South,"62173.8, 62595.333333333336","Jack,Mel","Del Rio (Weeks:1-12),Tucker (Weeks:13-17)","11,5",0,"12.545454545454545, 21.0","18.181818181818183, 25.8","250.0, 279.8","292.45454545454544, 358.2","14.0, 9.0","15.0, 13.0","3, 2","8, 3","0, 0","2, 1","2, 1","0, 0",3,"3, 1","6, 2","0, 0",0,0,0,0
334,2011,KC,AFC,West,"71960.5, 72448.0","Todd,Romeo","Haley (Weeks:1-14),Crennel (Weeks:15-17)","13,3",0,"13.307692307692308, 13.0","23.46153846153846, 11.0","293.7692307692308, 384.6666666666667","341.84615384615387, 296.3333333333333","25.0, 3.0","22.0, 4.0","5, 2","8, 1","0, 0","2, 1","2, 1","0, 0",4,"3, 1","7, 1","0, 0",0,0,0,0
335,2011,MIA,AFC,East,"60182.57142857143, 65811.0","Tony,Todd","Sparano (Weeks:1-14),Bowles (Weeks:15-17)","13,3",0,"19.692307692307693, 24.333333333333332","18.923076923076923, 22.333333333333332","311.2307692307692, 344.0","334.15384615384613, 392.6666666666667","18.0, 7.0","13.0, 6.0","4, 2","9, 1","0, 0","1, 2","2, 1","0, 0",3,"3, 2","6, 1","0, 0",0,0,0,0
336,2011,MIN,NFC,North,62816.125,Leslie,Frazier,16,0,21.25,28.0625,329.6875,358.1875,26,23,3,13,0,0,6,0,4,3,9,0,0,0,0,0
337,2011,NE,AFC,East,68756,Bill,Belichick,16,3,32.0625,21.375,428,411.0625,17,34,13,3,0,5,1,0,1,10,2,0,1,2,1,0
338,2011,NO,NFC,South,73041.875,Sean,Payton,16,2,34.1875,21.1875,467.125,368.4375,19,16,13,3,0,5,1,0,1,9,3,0,1,1,0,0
339,2011,NYG,NFC,East,79475,Tom,Coughlin,16,4,24.625,25,385.0625,376.375,24,31,9,7,0,3,3,0,1,5,7,0,1,4,1,1
340,2011,NYJ,AFC,East,78986,Rex,Ryan,16,0,23.5625,22.6875,311.8125,312.0625,34,31,8,8,0,3,3,0,2,6,6,0,0,0,0,0
341,2011,OAK,AFC,West,59242.25,Hue,Jackson,16,0,22.4375,27.0625,379.5,387.5625,30,26,8,8,0,3,3,0,3,6,6,0,0,0,0,0
342,2011,PHI,NFC,East,69144,Andy,Reid,16,0,24.75,20.5,399.125,324.875,38,24,8,8,0,5,1,0,2,6,6,0,0,0,0,0
343,2011,PIT,AFC,North,63034.875,Mike,Tomlin,16,1,20.3125,14.1875,372.3125,271.75,28,15,12,4,0,4,2,0,2,9,3,0,1,0,0,0
344,2011,SD,AFC,West,65392.875,Norv,Turner,16,0,25.375,23.5625,393.125,346.625,28,21,8,8,0,3,3,0,2,7,5,0,0,0,0,0
345,2011,SEA,NFC,West,66413.875,Pete,Carroll,16,0,20.0625,19.6875,303.8125,332.1875,23,31,7,9,0,3,3,0,3,6,6,0,0,0,0,0
346,2011,SF,NFC,West,69732,Jim,Harbaugh,16,2,23.75,14.3125,310.875,308.1875,10,38,13,3,0,5,1,0,1,10,2,0,1,1,0,0
347,2011,STL,NFC,West,56394.125,Steve,Spagnuolo,16,0,12.0625,25.4375,283.5625,358.375,23,18,2,14,0,0,6,0,4,1,11,0,0,0,0,0
348,2011,TB,NFC,South,59160.125,Raheem,Morris,16,0,17.9375,30.875,319.25,394.4375,40,24,4,12,0,2,4,0,4,3,9,0,0,0,0,0
349,2011,TEN,AFC,South,69143,Mike,Munchak,16,0,20.3125,19.8125,335.0625,355.125,22,23,9,7,0,3,3,0,2,7,5,0,0,0,0,0
350,2011,WAS,NFC,East,76921,Mike,Shanahan,16,0,18,22.9375,336.6875,339.8125,35,21,5,11,0,2,4,0,4,5,7,0,0,0,0,0
351,2012,ARI,NFC,West,60890.625,Ken,Whisenhunt,16,0,15.625,22.3125,263.0625,337.8125,34,33,5,11,0,1,5,0,4,3,9,0,0,0,0,0
352,2012,ATL,NFC,South,70096.625,Mike,Smith,16,2,26.1875,18.6875,369.125,365.5625,18,31,13,3,0,3,3,0,1,9,3,0,1,1,0,0
353,2012,BAL,AFC,North,71278.625,John,Harbaugh,16,4,24.875,21.5,352.5,350.9375,16,25,10,6,0,4,2,0,1,8,4,0,1,4,1,1
354,2012,BUF,AFC,East,61927.875,Chan,Gailey,16,0,21.5,27.1875,342.875,362.875,34,21,6,10,0,2,4,0,4,5,7,0,0,0,0,0
355,2012,CAR,NFC,South,73293.375,Ron,Rivera,16,0,22.3125,22.6875,360.6875,333.0625,22,23,7,9,0,3,3,0,2,5,7,0,0,0,0,0
356,2012,CHI,NFC,North,62329.125,Lovie,Smith,16,0,23.4375,17.3125,310.5625,315.625,24,44,10,6,0,3,3,0,3,7,5,0,0,0,0,0
357,2012,CIN,AFC,North,61188,Marvin,Lewis,16,1,24.4375,20,332.6875,319.6875,26,30,10,6,0,3,3,0,2,7,5,0,1,0,0,0
358,2012,CLE,AFC,North,66632.25,Pat,Shurmur,16,0,18.875,23,314.25,363.8125,26,29,5,11,0,2,4,0,4,5,7,0,0,0,0,0
359,2012,DAL,NFC,East,88531.125,Jason,Garrett,16,0,23.5,25,374.625,355.4375,29,16,8,8,0,3,3,0,3,5,7,0,0,0,0,0
360,2012,DEN,AFC,West,76632.75,John,Fox,16,1,30.0625,18.0625,397.875,290.75,25,24,13,3,0,6,0,0,1,10,2,0,1,0,0,0
361,2012,DET,NFC,North,63769.75,Jim,Schwartz,16,0,23.25,27.3125,408.75,341.125,33,17,4,12,0,0,6,0,4,3,9,0,0,0,0,0
362,2012,GB,NFC,North,70507.75,Mike,McCarthy,16,2,27.0625,21,359.4375,336.75,16,23,11,5,0,5,1,0,1,8,4,0,1,1,0,0
363,2012,HOU,AFC,South,71665.125,Gary,Kubiak,16,2,26,20.6875,372.0625,323.25,17,29,12,4,0,5,1,0,1,10,2,0,1,1,0,0
364,2012,IND,AFC,South,"64801.666666666664, 65422.6","Chuck,Bruce","Pagano(Weeks:1-4,17),Arians (Weeks:5-16)","4,12",1,"22.25, 22.333333333333332","24.75, 24.0","334.0, 371.9166666666667","360.0, 379.0","6.0, 21.0","4.0, 11.0","2, 9","2, 3","0, 0","1, 3","1, 1","0, 0",2,"1, 7","1, 3","0, 0",1,0,0,0
365,2012,JAX,AFC,South,64984,Mike,Mularkey,16,0,15.9375,27.75,299.25,380.5,26,23,2,14,0,2,4,0,4,2,10,0,0,0,0,0
366,2012,KC,AFC,West,68508.75,Romeo,Crennel,16,0,13.1875,26.5625,319.25,356.5,37,13,2,14,0,0,6,0,4,0,12,0,0,0,0,0
367,2012,MIA,AFC,East,57379.125,Joe,Philbin,16,0,18,19.8125,311.5,356.75,26,16,7,9,0,2,4,0,2,5,7,0,0,0,0,0
368,2012,MIN,NFC,North,60725.25,Leslie,Frazier,16,1,23.6875,21.75,336.5625,350,23,22,10,6,0,4,2,0,2,7,5,0,1,0,0,0
369,2012,NE,AFC,East,68755.5,Bill,Belichick,16,2,34.8125,20.6875,427.875,373.25,16,41,12,4,0,6,0,0,1,11,1,0,1,1,0,0
370,2012,NO,NFC,South,"72505.0, 73118.4","Aaron,Joe","Kromer (Weeks:1-7),Vitt (Weeks:8-17)","6,10",0,"29.333333333333332, 28.5","30.333333333333332, 27.2","411.3333333333333, 410.6","465.5, 424.9","8.0, 16.0","8.0, 18.0","2, 5","4, 5","0, 0","1, 2","1, 2","0, 0",3,"1, 4","3, 4","0, 0",0,0,0,0
371,2012,NYG,NFC,East,80495.5,Tom,Coughlin,16,0,26.8125,21.5,355.4375,383.375,21,35,9,7,0,3,3,0,2,8,4,0,0,0,0,0
372,2012,NYJ,AFC,East,79088,Rex,Ryan,16,0,17.5625,23.4375,299.1875,323.375,37,23,6,10,0,2,4,0,3,4,8,0,0,0,0,0
373,2012,OAK,AFC,West,54216.5,Dennis,Allen,16,0,18.125,27.6875,344,354.5,26,19,4,12,0,2,4,0,3,4,8,0,0,0,0,0
374,2012,PHI,NFC,East,69144,Andy,Reid,16,0,17.5,27.75,354.0625,343.1875,37,13,4,12,0,1,5,0,4,2,10,0,0,0,0,0
375,2012,PIT,AFC,North,61141.875,Mike,Tomlin,16,0,21,19.625,332.75,275.8125,30,20,8,8,0,3,3,0,3,5,7,0,0,0,0,0
376,2012,SD,AFC,West,59964.5,Norv,Turner,16,0,21.875,21.875,297.25,326.4375,26,28,7,9,0,4,2,0,2,7,5,0,0,0,0,0
377,2012,SEA,NFC,West,67946.25,Pete,Carroll,16,2,25.75,15.3125,350.625,306.1875,18,31,11,5,0,3,3,0,2,8,4,0,1,1,0,0
378,2012,SF,NFC,West,69732,Jim,Harbaugh,16,3,24.8125,17.0625,361.8125,294.375,16,25,11,4,1,3,2,1,1,7,4,1,1,2,1,0
379,2012,STL,NFC,West,60116.125,Jeff,Fisher,16,0,18.6875,21.75,329,342.625,22,21,7,8,1,4,1,1,3,6,5,1,0,0,0,0
380,2012,TB,NFC,South,55102.375,Greg,Schiano,16,0,24.3125,24.625,363.75,379.875,23,26,7,9,0,3,3,0,4,4,8,0,0,0,0,0
381,2012,TEN,AFC,South,69143,Mike,Munchak,16,0,20.625,29.4375,313.125,374.9375,28,24,6,10,0,1,5,0,3,5,7,0,0,0,0,0
382,2012,WAS,NFC,East,79654.5,Mike,Shanahan,16,1,27.25,24.25,383.1875,377.6875,14,31,10,6,0,5,1,0,1,8,4,0,1,0,0,0
383,2013,ARI,NFC,West,61033.875,Bruce,Arians,16,0,23.6875,20.25,346.375,317.4375,31,30,10,6,0,2,4,0,3,6,6,0,0,0,0,0
384,2013,ATL,NFC,South,70224.375,Mike,Smith,16,0,22.0625,27.6875,343.125,379.375,28,21,4,12,0,1,5,0,3,3,9,0,0,0,0,0
385,2013,BAL,AFC,North,71135.5,John,Harbaugh,16,0,20,22,307.375,335.5,29,24,8,8,0,3,3,0,3,6,6,0,0,0,0,0
386,2013,BUF,AFC,East,62855.25,Doug,Marrone,16,0,21.1875,24.25,338.125,333.375,27,30,6,10,0,3,3,0,4,5,7,0,0,0,0,0
387,2013,CAR,NFC,South,73443,Ron,Rivera,16,1,22.875,15.0625,316.8125,301.25,19,30,12,4,0,5,1,0,1,9,3,0,1,0,0,0
388,2013,CHI,NFC,North,62358,Marc,Trestman,16,0,27.8125,29.875,381.8125,394.5625,23,28,8,8,0,2,4,0,2,4,8,0,0,0,0,0
389,2013,CIN,AFC,North,63297.125,Marvin,Lewis,16,1,26.875,19.0625,368.1875,305.5,30,31,11,5,0,3,3,0,1,8,4,0,1,0,0,0
390,2013,CLE,AFC,North,71242.375,Rob,Chudzinski,16,0,19.25,25.375,338.9375,332.4375,29,21,4,12,0,2,4,0,4,3,9,0,0,0,0,0
391,2013,DAL,NFC,East,88043.125,Jason,Garrett,16,0,27.4375,27,341.125,415.3125,20,28,8,8,0,5,1,0,2,7,5,0,0,0,0,0
392,2013,DEN,AFC,West,"76843.0, 77076.0","John,Jack","Fox (Weeks:1-9,14-17),Del Rio (Weeks:10-13)","12,4",3,"40.416666666666664, 30.25","25.0, 24.75","462.1666666666667, 442.75","344.25, 391.25","18.0, 8.0","21.0, 5.0","10, 3","2, 1","0, 0","2, 3","1, 0","0, 0",1,"6, 3","2, 1","0, 0",1,2,1,0
393,2013,DET,NFC,North,63796.125,Jim,Schwartz,16,0,24.6875,23.5,392.125,346.625,34,22,7,9,0,4,2,0,3,6,6,0,0,0,0,0
394,2013,GB,NFC,North,77947.125,Mike,McCarthy,16,1,26.0625,26.75,400.25,372.25,25,22,8,7,1,3,2,1,1,6,5,1,1,0,0,0
395,2013,HOU,AFC,South,"71644.28571428571, 71761.0","Gary,Wade","Kubiak (Weeks:1-14),Phillips (Weeks:15-17)","13,3",0,"19.23076923076923, 8.666666666666666","26.923076923076923, 26.0","368.38461538461536, 255.66666666666666","302.15384615384613, 384.3333333333333","23.0, 8.0","9.0, 2.0","2, 0","11, 3","0, 0","1, 0","3, 2","0, 0",4,"2, 0","7, 3","0, 0",0,0,0,0
396,2013,IND,AFC,South,65950.75,Chuck,Pagano,16,2,24.4375,21,341.75,357.0625,14,27,11,5,0,6,0,0,1,9,3,0,1,1,0,0
397,2013,JAX,AFC,South,62892.5,Gus,Bradley,16,0,15.4375,28.0625,293.8125,379.375,27,21,4,12,0,3,3,0,3,4,8,0,0,0,0,0
398,2013,KC,AFC,West,75359.625,Andy,Reid,16,1,26.875,19.0625,337.25,367.8125,18,36,11,5,0,2,4,0,2,7,5,0,1,0,0,0
399,2013,MIA,AFC,East,64319.125,Joe,Philbin,16,0,19.8125,20.9375,312.9375,359.375,26,24,8,8,0,2,4,0,3,7,5,0,0,0,0,0
400,2013,MIN,NFC,North,66456.625,Leslie,Frazier,16,0,24.4375,30,344.25,397.625,32,20,5,10,1,2,3,1,4,4,7,1,0,0,0,0
401,2013,NE,AFC,East,68756,Bill,Belichick,16,2,27.75,21.125,384.5,373.0625,20,29,12,4,0,4,2,0,1,9,3,0,1,1,0,0
402,2013,NO,NFC,South,72901.25,Sean,Payton,16,2,25.875,19,399.4375,305.6875,19,19,11,5,0,5,1,0,2,9,3,0,1,1,0,0
403,2013,NYG,NFC,East,80148,Tom,Coughlin,16,0,18.375,23.9375,307.5,332.25,44,29,7,9,0,3,3,0,3,6,6,0,0,0,0,0
404,2013,NYJ,AFC,East,76957,Rex,Ryan,16,0,18.125,24.1875,318.125,334.9375,29,15,8,8,0,3,3,0,2,5,7,0,0,0,0,0
405,2013,OAK,AFC,West,50444.5,Dennis,Allen,16,0,20.125,28.3125,333.75,363.6875,31,22,4,12,0,1,5,0,4,4,8,0,0,0,0,0
406,2013,PHI,NFC,East,69144,Chip,Kelly,16,1,27.625,23.875,417.25,394,19,31,10,6,0,4,2,0,1,9,3,0,1,0,0,0
407,2013,PIT,AFC,North,57311.125,Mike,Tomlin,16,0,23.6875,23.125,337.5,337.1875,24,20,8,8,0,4,2,0,2,6,6,0,0,0,0,0
408,2013,SD,AFC,West,64205.125,Mike,McCoy,16,2,24.75,21.75,393.3125,366.5,21,17,9,7,0,4,2,0,3,6,6,0,1,1,0,0
409,2013,SEA,NFC,West,68197.125,Pete,Carroll,16,3,26.0625,14.4375,339,273.625,19,39,13,3,0,4,2,0,1,10,2,0,1,3,1,1
410,2013,SF,NFC,West,69732,Jim,Harbaugh,16,3,25.375,17,323.75,316.9375,18,30,12,4,0,5,1,0,2,9,3,0,1,2,0,0
411,2013,STL,NFC,West,56957.125,Jeff,Fisher,16,0,21.75,22.75,304.8125,345,21,29,7,9,0,1,5,0,4,4,8,0,0,0,0,0
412,2013,TB,NFC,South,58818.5,Greg,Schiano,16,0,18,24.3125,277,348,21,31,4,12,0,1,5,0,4,2,10,0,0,0,0,0
413,2013,TEN,AFC,South,69143,Mike,Munchak,16,0,22.625,23.8125,336.875,337.9375,25,25,7,9,0,2,4,0,2,6,6,0,0,0,0,0
414,2013,WAS,NFC,East,77220.875,Mike,Shanahan,16,0,20.875,29.875,369.6875,354.0625,34,26,3,13,0,0,6,0,4,1,11,0,0,0,0,0
415,2014,ARI,NFC,West,61979.375,Bruce,Arians,16,1,19.375,18.6875,319.75,368.1875,17,25,11,5,0,3,3,0,2,8,4,0,1,0,0,0
416,2014,ATL,NFC,South,72130.875,Mike,Smith,16,0,23.8125,26.0625,378.1875,398.25,23,28,6,10,0,5,1,0,3,6,6,0,0,0,0,0
417,2014,BAL,AFC,North,71044.125,John,Harbaugh,16,2,25.5625,18.875,364.875,336.9375,20,22,10,6,0,3,3,0,3,6,6,0,1,1,0,0
418,2014,BUF,AFC,East,67522.5,Doug,Marrone,16,0,21.4375,18.0625,318.5,312.1875,23,30,9,7,0,4,2,0,2,5,7,0,0,0,0,0
419,2014,CAR,NFC,South,73607.625,Ron,Rivera,16,2,21.1875,23.375,346.6875,339.8125,23,26,7,8,1,4,2,0,1,6,6,0,1,1,0,0
420,2014,CHI,NFC,North,61681.125,Marc,Trestman,16,0,19.9375,27.625,327.0625,377.0625,29,24,5,11,0,1,5,0,4,4,8,0,0,0,0,0
421,2014,CIN,AFC,North,60703.5,Marvin,Lewis,16,1,22.8125,21.5,348,359.3125,26,26,10,5,1,3,3,0,2,7,5,0,1,0,0,0
422,2014,CLE,AFC,North,67425,Mike,Pettine,16,0,18.6875,21.0625,324.5625,366.0625,23,29,7,9,0,2,4,0,4,4,8,0,0,0,0,0
423,2014,DAL,NFC,East,90069.75,Jason,Garrett,16,2,29.1875,22,383.625,355.0625,25,31,12,4,0,4,2,0,1,8,4,0,1,1,0,0
424,2014,DEN,AFC,West,76939.625,John,Fox,16,1,30.125,22.125,402.875,305.1875,20,25,12,4,0,6,0,0,1,10,2,0,1,0,0,0
425,2014,DET,NFC,North,63024.75,Jim,Caldwell,16,1,20.0625,17.625,340.75,300.9375,20,27,11,5,0,5,1,0,2,9,3,0,1,0,0,0
426,2014,GB,NFC,North,78139.25,Mike,McCarthy,16,2,30.375,21.75,386.125,346.375,13,27,12,4,0,5,1,0,1,9,3,0,1,1,0,0
427,2014,HOU,AFC,South,71766.5,Bill,O'Brien,16,0,23.25,19.1875,344.5625,348.1875,22,34,9,7,0,4,2,0,2,8,4,0,0,0,0,0
428,2014,IND,AFC,South,65375.5,Chuck,Pagano,16,3,28.625,23.0625,406.625,342.6875,31,26,11,5,0,6,0,0,1,9,3,0,1,2,0,0
429,2014,JAX,AFC,South,65541.875,Gus,Bradley,16,0,15.5625,25.75,289.625,370.75,26,20,3,13,0,1,5,0,3,2,10,0,0,0,0,0
430,2014,KC,AFC,West,74967.875,Andy,Reid,16,0,22.0625,17.5625,318.75,330.5,17,14,9,7,0,3,3,0,2,7,5,0,0,0,0,0
431,2014,MIA,AFC,East,70035,Joe,Philbin,16,0,24.25,23.3125,350.0625,343.375,23,25,8,8,0,3,3,0,3,6,6,0,0,0,0,0
432,2014,MIN,NFC,North,52238.25,Mike,Zimmer,16,0,20.3125,21.4375,315.5,344.6875,20,19,7,9,0,1,5,0,3,6,6,0,0,0,0,0
433,2014,NE,AFC,East,68756,Bill,Belichick,16,3,29.25,19.5625,365.5,344.125,13,25,12,4,0,4,2,0,1,9,3,0,1,3,1,1
434,2014,NO,NFC,South,73112.5,Sean,Payton,16,0,25.0625,26.5,411.375,384,30,17,7,9,0,3,3,0,2,6,6,0,0,0,0,0
435,2014,NYG,NFC,East,78967.25,Tom,Coughlin,16,0,23.75,25,367.1875,375.75,28,26,6,10,0,2,4,0,3,4,8,0,0,0,0,0
436,2014,NYJ,AFC,East,78160,Rex,Ryan,16,0,17.6875,25.0625,326.625,327.1875,24,13,4,12,0,1,5,0,4,4,8,0,0,0,0,0
437,2014,OAK,AFC,West,"68749.5, 53639.0","Dennis,Tony","Allen(Weeks:1-4),Sparano(Weeks:5-17)","4,12",0,"12.75, 16.833333333333332","25.75, 29.083333333333332","270.0, 286.25","365.25, 355.0","9.0, 20.0","5.0, 9.0","0, 3","4, 9","0, 0","0, 1","0, 5","0, 0",4,"0, 2","4, 6","0, 0",0,0,0,0
438,2014,PHI,NFC,East,69596,Chip,Kelly,16,0,29.625,25,396.75,375.5625,36,28,10,6,0,4,2,0,2,6,6,0,0,0,0,0
439,2014,PIT,AFC,North,62226.375,Mike,Tomlin,16,1,27.25,23,411.0625,353.375,21,21,11,5,0,4,2,0,1,9,3,0,1,0,0,0
440,2014,SD,AFC,West,65432.125,Mike,McCoy,16,0,21.75,21.75,341.5625,338.3125,23,18,9,7,0,2,4,0,2,6,6,0,0,0,0,0
441,2014,SEA,NFC,West,68412.25,Pete,Carroll,16,3,24.625,15.875,375.75,267.125,14,24,12,4,0,5,1,0,1,10,2,0,1,2,1,0
442,2014,SF,NFC,West,70774,Jim,Harbaugh,16,0,19.125,21.25,327.4375,321.4375,22,29,8,8,0,2,4,0,3,7,5,0,0,0,0,0
443,2014,STL,NFC,West,57018.25,Jeff,Fisher,16,0,20.25,22.125,314.6875,351.625,27,25,6,10,0,2,4,0,4,4,8,0,0,0,0,0
444,2014,TB,NFC,South,59659.125,Lovie,Smith,16,0,17.3125,25.625,292,368.9375,33,25,2,14,0,0,6,0,4,1,11,0,0,0,0,0
445,2014,TEN,AFC,South,69143,Ken,Whisenhunt,16,0,15.875,27.375,303.6875,373,26,16,2,14,0,1,5,0,4,2,10,0,0,0,0,0
446,2014,WAS,NFC,East,77964.375,Jay,Gruden,16,0,18.8125,27.375,358.625,357,31,19,4,12,0,2,4,0,4,2,10,0,0,0,0,0
447,2015,ARI,NFC,West,64185.875,Bruce,Arians,16,2,30.5625,19.5625,408.3125,321.6875,24,33,13,3,0,4,2,0,1,10,2,0,1,1,0,0
448,2015,ATL,NFC,South,70355.625,Dan,Quinn,16,0,21.1875,21.5625,374.0625,347.625,30,23,8,8,0,1,5,0,2,5,7,0,0,0,0,0
449,2015,BAL,AFC,North,71002.25,John,Harbaugh,16,0,20.5,25.0625,359.3125,337.375,28,14,5,11,0,3,3,0,3,4,8,0,0,0,0,0
450,2015,BUF,AFC,East,69880.875,Rex,Ryan,16,0,23.6875,22.4375,360.9375,356.375,19,25,8,8,0,4,2,0,3,7,5,0,0,0,0,0
451,2015,CAR,NFC,South,74056.75,Ron,Rivera,16,3,31.25,19.25,366.9375,322.9375,19,39,15,1,0,5,1,0,1,11,1,0,1,2,1,0
452,2015,CHI,NFC,North,62035.875,John,Fox,16,0,20.9375,24.8125,344.625,345.4375,21,17,6,10,0,1,5,0,4,3,9,0,0,0,0,0
453,2015,CIN,AFC,North,61389.75,Marvin,Lewis,16,1,26.1875,17.4375,358,340.8125,17,28,12,4,0,5,1,0,1,9,3,0,1,0,0,0
454,2015,CLE,AFC,North,66186,Mike,Pettine,16,0,17.375,27,331.9375,379.1875,30,21,3,13,0,1,5,0,4,2,10,0,0,0,0,0
455,2015,DAL,NFC,East,91459,Jason,Garrett,16,0,17.1875,23.375,335.0625,347.9375,33,11,4,12,0,3,3,0,4,3,9,0,0,0,0,0
456,2015,DEN,AFC,West,76922.625,Gary,Kubiak,16,3,22.1875,18.5,355.5,283.125,31,27,12,4,0,4,2,0,1,8,4,0,1,3,1,1
457,2015,DET,NFC,North,61347.75,Jim,Caldwell,16,0,22.375,25,346.6875,349.8125,24,19,7,9,0,3,3,0,3,6,6,0,0,0,0,0
458,2015,GB,NFC,North,78413.5,Mike,McCarthy,16,2,23,20.1875,334.5625,346.6875,17,22,10,6,0,3,3,0,2,7,5,0,1,1,0,0
459,2015,HOU,AFC,South,71769.875,Bill,O'Brien,16,1,21.1875,19.5625,347.75,310.1875,20,25,9,7,0,5,1,0,1,7,5,0,1,0,0,0
460,2015,IND,AFC,South,66047.625,Chuck,Pagano,16,0,20.8125,25.5,321.375,379.125,30,25,8,8,0,4,2,0,2,6,6,0,0,0,0,0
461,2015,JAX,AFC,South,64283.5,Gus,Bradley,16,0,23.5,28,348.8125,375,28,18,5,11,0,2,4,0,3,5,7,0,0,0,0,0
462,2015,KC,AFC,West,75278.5,Andy,Reid,16,2,25.3125,17.9375,331.1875,329.3125,15,29,11,5,0,5,1,0,2,10,2,0,1,1,0,0
463,2015,MIA,AFC,East,"74427.5, 64782.166666666664","Joe,Dan","Philbin (Weeks:1-4),Campbell (Weeks:5-17)","4,12",0,"16.25, 20.416666666666668","25.25, 24.0","314.75, 337.3333333333333","399.5, 368.4166666666667","6.0, 13.0","3.0, 13.0","1, 5","3, 7","0, 0","0, 1","2, 3","0, 0",4,"0, 4","3, 5","0, 0",0,0,0,0
464,2015,MIN,NFC,North,52430,Mike,Zimmer,16,1,22.8125,18.875,321.1875,344.375,17,22,11,5,0,5,1,0,1,8,4,0,1,0,0,0
465,2015,NE,AFC,East,66829,Bill,Belichick,16,2,29.0625,19.6875,374.4375,339.375,14,21,12,4,0,4,2,0,1,9,3,0,1,1,0,0
466,2015,NO,NFC,South,73038.125,Sean,Payton,16,0,25.5,29.75,403.8125,413.4375,20,22,7,9,0,3,3,0,3,5,7,0,0,0,0,0
467,2015,NYG,NFC,East,79001.375,Tom,Coughlin,16,0,26.25,27.625,372,420.3125,21,28,6,10,0,2,4,0,3,4,8,0,0,0,0,0
468,2015,NYJ,AFC,East,78160,Todd,Bowles,16,0,24.1875,19.625,370.3125,318.625,24,30,10,6,0,3,3,0,2,7,5,0,0,0,0,0
469,2015,OAK,AFC,West,54549.625,Jack,Del Rio,16,0,22.4375,24.9375,333.5,363.625,24,25,7,9,0,3,3,0,3,7,5,0,0,0,0,0
470,2015,PHI,NFC,East,"69483.5, None","Chip,Pat","Kelly (Weeks:1-16),Shurmur (Weeks:17)","15,1",0,"22.8, 35.0","26.666666666666668, 30.0","359.6666666666667, 435.0","394.93333333333334, 502.0","29.0, 2.0","25.0, 1.0","6, 1","9, 0","0, 0","2, 1","3, 0","0, 0",2,"3, 1","8, 0","0, 0",0,0,0,0
471,2015,PIT,AFC,North,64356.75,Mike,Tomlin,16,2,26.4375,19.9375,395.4375,363.0625,28,30,10,6,0,3,3,0,2,7,5,0,1,1,0,0
472,2015,SD,AFC,West,66772.5,Mike,McCoy,16,0,20,24.875,371.8125,361.9375,24,20,4,12,0,0,6,0,4,3,9,0,0,0,0,0
473,2015,SEA,NFC,West,69020.25,Pete,Carroll,16,2,26.4375,17.3125,378.625,291.75,16,23,10,6,0,3,3,0,2,7,5,0,1,1,0,0
474,2015,SF,NFC,West,70761.5,Jim,Tomsula,16,0,14.875,24.1875,303.75,387.4375,17,12,5,11,0,1,5,0,4,4,8,0,0,0,0,0
475,2015,STL,NFC,West,52402.5,Jeff,Fisher,16,0,17.5,20.625,297.5625,367.8125,22,26,7,9,0,4,2,0,3,6,6,0,0,0,0,0
476,2015,TB,NFC,South,61557.5,Lovie,Smith,16,0,21.375,26.0625,375.875,340.375,28,23,6,10,0,3,3,0,4,5,7,0,0,0,0,0
477,2015,TEN,AFC,South,"64315.25, 60293.5","Ken,Mike","Whisenhunt (Weeks:1-8),Mularkey (Weeks:9-17)","7,9",0,"17.857142857142858, 19.333333333333332","22.714285714285715, 29.333333333333332","309.85714285714283, 313.22222222222223","316.57142857142856, 365.77777777777777","16.0, 17.0","9.0, 10.0","1, 2","6, 7","0, 0","0, 1","2, 3","0, 0",4,"0, 1","5, 6","0, 0",0,0,0,0
478,2015,WAS,NFC,East,76209,Jay,Gruden,16,1,24.25,23.6875,353.8125,380.625,22,27,9,7,0,4,2,0,1,8,4,0,1,0,0,0
479,2016,ARI,NFC,West,64831.5,Bruce,Arians,16,0,26.125,22.625,366.75,305.1875,28,28,7,8,1,4,1,1,2,6,5,1,0,0,0,0
480,2016,ATL,NFC,South,69999.75,Dan,Quinn,16,3,33.75,25.375,415.8125,371.1875,11,22,11,5,0,5,1,0,1,9,3,0,1,2,1,0
481,2016,BAL,AFC,North,71102.875,John,Harbaugh,16,0,21.4375,20.0625,347.6875,322.125,23,28,8,8,0,4,2,0,2,7,5,0,0,0,0,0
482,2016,BUF,AFC,East,"68509.125, None","Rex,Anthony","Ryan (Weeks:1-16),Lynn (Weeks:17)","15,1",0,"25.933333333333334, 10.0","23.2, 30.0","362.4, 230.0","358.8666666666667, 329.0","9.0, 3.0","18.0, 0.0","7, 0","8, 1","0, 0","1, 0","4, 1","0, 0",3,"4, 0","7, 1","0, 0",0,0,0,0
483,2016,CAR,NFC,South,73792.875,Ron,Rivera,16,0,23.0625,25.125,343.6875,359.75,29,27,6,10,0,1,5,0,4,5,7,0,0,0,0,0
484,2016,CHI,NFC,North,60368.875,John,Fox,16,0,17.4375,24.9375,356.5,346.75,31,11,3,13,0,2,4,0,4,3,9,0,0,0,0,0
485,2016,CIN,AFC,North,63508.875,Marvin,Lewis,16,0,20.3125,19.6875,356.9375,350.75,17,20,6,9,1,3,3,0,3,5,7,0,0,0,0,0
486,2016,CLE,AFC,North,64311.125,Hue,Jackson,16,0,16.5,28.25,311,392.4375,25,13,1,15,0,0,6,0,4,1,11,0,0,0,0,0
487,2016,DAL,NFC,East,92539.75,Jason,Garrett,16,1,26.3125,19.125,376.6875,343.9375,15,20,13,3,0,3,3,0,1,9,3,0,1,0,0,0
488,2016,DEN,AFC,West,"76774.125, None","Gary,Joe","Kubiak (Weeks:1-5, 7-17),DeCamillis (Weeks:6)","15,1",0,"21.333333333333332, 13.0","18.4, 21.0","324.3333333333333, 304.0","319.46666666666664, 265.0","23.0, 2.0","25.0, 2.0","9, 0","6, 1","0, 0","2, 0","3, 1","0, 0",3,"6, 0","5, 1","0, 0",0,0,0,0
489,2016,DET,NFC,North,60792.75,Jim,Caldwell,16,1,21.625,22.375,338.8125,354.75,15,14,9,7,0,3,3,0,2,7,5,0,1,0,0,0
490,2016,GB,NFC,North,78215.875,Mike,McCarthy,16,3,27,24.25,368.75,363.9375,17,25,10,6,0,5,1,0,1,8,4,0,1,2,0,0
491,2016,HOU,AFC,South,71868.375,Bill,O'Brien,16,2,17.4375,20.5,314.6875,301.3125,24,17,9,7,0,5,1,0,1,7,5,0,1,1,0,0
492,2016,IND,AFC,South,65549.125,Chuck,Pagano,16,0,25.6875,24.5,364.375,382.875,22,17,8,8,0,3,3,0,3,5,7,0,0,0,0,0
493,2016,JAX,AFC,South,"65364.42857142857, 59621.0","Gus,Doug","Bradley (Weeks:1-15),Marrone (Weeks:16-17)","14,2",0,"18.571428571428573, 29.0","25.642857142857142, 20.5","319.57142857142856, 442.5","321.42857142857144, 323.5","26.0, 3.0","10.0, 3.0","2, 1","12, 1","0, 0","1, 1","3, 1","0, 0",4,"1, 1","9, 1","0, 0",0,0,0,0
494,2016,KC,AFC,West,73328,Andy,Reid,16,1,24.3125,19.4375,343,368.5,17,33,12,4,0,6,0,0,1,9,3,0,1,0,0,0
495,2016,LAR,NFC,West,"83488.83333333333, 82192.5","Jeff,John","Fisher (Weeks:1-14) ,Fassel (Weeks:15-17)","13,3",0,"14.923076923076923, 10.0","23.384615384615383, 30.0","286.15384615384613, 161.0","340.46153846153845, 322.0","24.0, 5.0","13.0, 5.0","4, 0","9, 3","0, 0","2, 0","1, 3","0, 0",3,"3, 0","6, 3","0, 0",0,0,0,0
496,2016,MIA,AFC,East,65512.625,Adam,Gase,16,1,22.6875,23.75,332.75,382.625,23,25,10,6,0,4,2,0,2,7,5,0,1,0,0,0
497,2016,MIN,NFC,North,"66786.125, None","Mike,Mike","Zimmer (Weeks:1-13,15-17),Priefer (Weeks:14)","15,1",0,"20.133333333333333, 25.0","19.4, 16.0","310.93333333333334, 377.0","314.8666666666667, 315.0","15.0, 1.0","27.0, 0.0","7, 1","8, 0","0, 0","2, 0","4, 0","0, 0",3,"5, 0","7, 0","0, 0",0,0,0,0
498,2016,NE,AFC,East,66829,Bill,Belichick,16,3,27.5625,15.625,386.25,326.4375,11,23,14,2,0,5,1,0,1,11,1,0,1,3,1,1
499,2016,NO,NFC,South,73109.5,Sean,Payton,16,0,29.3125,28.375,426,375.375,24,21,7,9,0,2,4,0,3,6,6,0,0,0,0,0
500,2016,NYG,NFC,East,78789.375,Ben,McAdoo,16,1,19.375,17.75,330.6875,339.6875,27,25,11,5,0,4,2,0,2,8,4,0,1,0,0,0
501,2016,NYJ,AFC,East,78160,Todd,Bowles,16,0,17.1875,25.5625,329.25,342.4375,34,14,5,11,0,2,4,0,4,4,8,0,0,0,0,0
502,2016,OAK,AFC,West,57320.125,Jack,Del Rio,16,1,26,24.0625,373.3125,375.0625,14,30,12,4,0,3,3,0,2,9,3,0,1,0,0,0
503,2016,PHI,NFC,East,69596,Doug,Pederson,16,0,22.9375,20.6875,337.375,342.75,20,26,7,9,0,2,4,0,4,5,7,0,0,0,0,0
504,2016,PIT,AFC,North,64312.875,Mike,Tomlin,16,3,24.9375,20.4375,372.625,342.625,18,23,11,5,0,5,1,0,1,9,3,0,1,2,0,0
505,2016,SD,AFC,West,57024.625,Mike,McCoy,16,0,25.625,26.4375,356.75,347.125,35,28,5,11,0,1,5,0,4,4,8,0,0,0,0,0
506,2016,SEA,NFC,West,69073.5,Pete,Carroll,16,2,22.125,18.25,357.1875,318.6875,18,19,10,5,1,3,2,1,1,6,5,1,1,1,0,0
507,2016,SF,NFC,West,70178,Chip,Kelly,16,0,19.3125,30,308.125,406.375,25,20,2,14,0,2,4,0,4,2,10,0,0,0,0,0
508,2016,TB,NFC,South,60624.75,Dirk,Koetter,16,0,22.125,23.0625,346.375,367.9375,27,29,9,7,0,4,2,0,2,7,5,0,0,0,0,0
509,2016,TEN,AFC,South,64659.125,Mike,Mularkey,16,0,23.8125,23.625,358,357.5,18,18,9,7,0,2,4,0,2,6,6,0,0,0,0,0
510,2016,WAS,NFC,East,78304,Jay,Gruden,16,0,24.75,23.9375,403.375,377.875,21,21,8,7,1,3,3,0,3,6,6,0,0,0,0,0
511,2017,ARI,NFC,West,64217.625,Bruce,Arians,16,0,18.4375,22.5625,314.125,310.8125,25,21,8,8,0,3,3,0,3,5,7,0,0,0,0,0
512,2017,ATL,NFC,South,71960.125,Dan,Quinn,16,2,22.0625,19.6875,364.8125,318.375,18,16,10,6,0,4,2,0,3,9,3,0,1,1,0,0
513,2017,BAL,AFC,North,70588.625,John,Harbaugh,16,0,24.6875,18.9375,305.375,325.0625,17,34,9,7,0,3,3,0,2,7,5,0,0,0,0,0
514,2017,BUF,AFC,East,66775,Sean,McDermott,16,1,18.875,22.4375,302.625,355.125,16,25,9,7,0,3,3,0,2,7,5,0,1,0,0,0
515,2017,CAR,NFC,South,73617.75,Ron,Rivera,16,1,22.6875,20.4375,323.6875,317.125,22,21,11,5,0,3,3,0,2,7,5,0,1,0,0,0
516,2017,CHI,NFC,North,61017.125,John,Fox,16,0,16.5,20,287.4375,319.125,22,22,5,11,0,0,6,0,4,1,11,0,0,0,0,0
517,2017,CIN,AFC,North,53242.125,Marvin,Lewis,16,0,18.125,21.8125,280.5,339.0625,23,14,7,9,0,3,3,0,3,6,6,0,0,0,0,0
518,2017,CLE,AFC,North,63882.5,Hue,Jackson,16,0,14.625,25.625,308.875,328.125,41,13,0,16,0,0,6,0,4,0,12,0,0,0,0,0
519,2017,DAL,NFC,East,92721.875,Jason,Garrett,16,0,22.125,20.75,331.9375,318.0625,22,21,9,7,0,5,1,0,2,7,5,0,0,0,0,0
520,2017,DEN,AFC,West,76355.75,Vance,Joseph,16,0,18.0625,23.875,324.0625,290,34,17,5,11,0,2,4,0,4,4,8,0,0,0,0,0
521,2017,DET,NFC,North,64137.5,Jim,Caldwell,16,0,25.625,23.5,337.75,355.75,22,32,9,7,0,5,1,0,2,8,4,0,0,0,0,0
522,2017,GB,NFC,North,78092.75,Mike,McCarthy,16,0,20,24,305.6875,348.875,25,22,7,9,0,2,4,0,3,5,7,0,0,0,0,0
523,2017,HOU,AFC,South,71774.625,Bill,O'Brien,16,0,21.125,27.25,320,346.625,28,16,4,12,0,1,5,0,3,3,9,0,0,0,0,0
524,2017,IND,AFC,South,63440.625,Chuck,Pagano,16,0,16.4375,25.25,284.5625,367.0625,15,20,4,12,0,2,4,0,3,3,9,0,0,0,0,0
525,2017,JAX,AFC,South,64303.375,Doug,Marrone,16,3,26.0625,16.75,365.9375,286.125,23,33,10,6,0,4,2,0,1,9,3,0,1,2,0,0
526,2017,KC,AFC,West,74106.375,Andy,Reid,16,1,25.9375,21.1875,375.4375,365.125,11,26,10,6,0,5,1,0,1,8,4,0,1,0,0,0
527,2017,LAC,AFC,West,25335.875,Anthony,Lynn,16,0,22.1875,17,376.625,328.375,15,27,9,7,0,3,3,0,2,6,6,0,0,0,0,0
528,2017,LAR,NFC,West,63392,Sean,McVay,16,1,29.875,20.5625,361.5,339.5,21,28,11,5,0,4,2,0,1,7,5,0,1,0,0,0
529,2017,MIA,AFC,East,67627.75,Adam,Gase,16,0,17.5625,24.5625,307.6875,335.6875,29,15,6,10,0,2,4,0,3,5,7,0,0,0,0,0
530,2017,MIN,NFC,North,66721.125,Mike,Zimmer,16,2,23.875,15.75,356.875,275.9375,14,19,13,3,0,5,1,0,1,10,2,0,1,1,0,0
531,2017,NE,AFC,East,65878,Bill,Belichick,16,3,28.625,18.5,394.1875,366,12,18,13,3,0,5,1,0,1,10,2,0,1,2,1,0
532,2017,NO,NFC,South,73139.125,Sean,Payton,16,2,28,20.375,391.1875,336.5,18,25,11,5,0,4,2,0,1,8,4,0,1,1,0,0
533,2017,NYG,NFC,East,"77228.8, 77096.66666666667","Ben,Steve","McAdoo (Weeks:1-13),Spagnuolo (Weeks:14-17)","12,4",0,"15.75, 14.25","24.25, 24.25","293.3333333333333, 377.0","390.8333333333333, 320.25","15.0, 7.0","14.0, 5.0","2, 1","10, 3","0, 0","0, 1","3, 2","0, 0",4,"0, 1","8, 3","0, 0",0,0,0,0
534,2017,NYJ,AFC,East,77562,Todd,Bowles,16,0,18.625,23.875,305.25,352.25,24,20,5,11,0,2,4,0,4,5,7,0,0,0,0,0
535,2017,OAK,AFC,West,57642.125,Jack,Del Rio,16,0,18.8125,23.3125,324.0625,350.0625,28,14,6,10,0,2,4,0,3,5,7,0,0,0,0,0
536,2017,PHI,NFC,East,69596,Doug,Pederson,16,3,28.5625,18.4375,365.75,306.5,20,31,13,3,0,5,1,0,1,10,2,0,1,3,1,1
537,2017,PIT,AFC,North,62471,Mike,Tomlin,16,1,25.375,19.25,377.9375,306.875,20,22,13,3,0,6,0,0,1,10,2,0,1,0,0,0
538,2017,SEA,NFC,West,68976.125,Pete,Carroll,16,0,22.875,20.75,330.375,323.1875,17,25,9,7,0,4,2,0,2,7,5,0,0,0,0,0
539,2017,SF,NFC,West,70144.375,Kyle,Shanahan,16,0,20.6875,23.9375,349.1875,351.5625,23,20,6,10,0,1,5,0,4,3,9,0,0,0,0,0
540,2017,TB,NFC,South,59952.25,Dirk,Koetter,16,0,20.9375,23.875,363.375,378.0625,27,26,5,11,0,1,5,0,4,3,9,0,0,0,0,0
541,2017,TEN,AFC,South,65651.75,Mike,Mularkey,16,2,20.875,22.25,314,328,25,21,9,7,0,5,1,0,2,8,4,0,1,1,0,0
542,2017,WAS,NFC,East,75175.625,Jay,Gruden,16,0,21.375,24.25,324.9375,347.875,27,23,7,9,0,1,5,0,3,5,7,0,0,0,0,0
543,2018,ARI,NFC,West,62013.875,Steve,Wilks,16,0,14.0625,26.5625,241.5625,358.8125,28,16,3,13,0,2,4,0,4,3,9,0,0,0,0,0
544,2018,ATL,NFC,South,72898,Dan,Quinn,16,0,25.875,26.4375,389.125,384.5,18,19,7,9,0,4,2,0,2,7,5,0,0,0,0,0
545,2018,BAL,AFC,North,70431.375,John,Harbaugh,16,1,24.3125,17.9375,374.9375,292.9375,20,17,10,6,0,3,3,0,1,8,4,0,1,0,0,0
546,2018,BUF,AFC,East,64961.875,Sean,McDermott,16,0,16.8125,23.375,298.625,294.125,32,27,6,10,0,2,4,0,3,4,8,0,0,0,0,0
547,2018,CAR,NFC,South,73772.75,Ron,Rivera,16,0,23.5,23.875,373.25,353.1875,22,23,7,9,0,2,4,0,3,5,7,0,0,0,0,0
548,2018,CHI,NFC,North,61343.75,Matt,Nagy,16,1,26.3125,17.6875,343.875,299.6875,24,36,12,4,0,5,1,0,1,10,2,0,1,0,0,0
549,2018,CIN,AFC,North,50753.5,Marvin,Lewis,16,0,23,28.4375,310.75,413.625,17,18,6,10,0,1,5,0,4,4,8,0,0,0,0,0
550,2018,CLE,AFC,North,"67431.0, 64099.5","Hue,Gregg","Jackson (Weeks:1-8),Williams (Weeks:9-17)","8,8",0,"21.125, 23.75","26.25, 22.75","342.375, 395.125","414.5, 371.5","11.0, 13.0","22.0, 9.0","2, 5","5, 3","1, 0","1, 2","1, 1","1, 0",3,"2, 3","3, 3","1, 0",0,0,0,0
551,2018,DAL,NFC,East,91619.75,Jason,Garrett,16,2,21.1875,20.25,343.8125,329.25,17,20,10,6,0,5,1,0,1,9,3,0,1,1,0,0
552,2018,DEN,AFC,West,76446.375,Vance,Joseph,16,0,20.5625,21.8125,350.125,365.125,21,28,6,10,0,2,4,0,3,4,8,0,0,0,0,0
553,2018,DET,NFC,North,62757.625,Matt,Patricia,16,0,20.25,22.5,327.25,335,19,14,6,10,0,2,4,0,4,4,8,0,0,0,0,0
554,2018,GB,NFC,North,"78001.16666666667, 77335.0","Mike,Joe","McCarthy (Weeks:1-13),Philbin (Weeks:14-17)","12,4",0,"23.416666666666668, 23.75","23.916666666666668, 28.25","380.5833333333333, 334.5","351.8333333333333, 362.0","12.0, 3.0","12.0, 3.0","4, 2","7, 2","1, 0","1, 0","2, 2","1, 0",3,"2, 1","6, 2","1, 0",0,0,0,0
555,2018,HOU,AFC,South,71804.875,Bill,O'Brien,16,1,25.125,19.75,362.625,343.125,16,29,11,5,0,4,2,0,1,9,3,0,1,0,0,0
556,2018,IND,AFC,South,59199.75,Frank,Reich,16,2,27.0625,21.5,386.1875,339.6875,24,26,10,6,0,4,2,0,2,7,5,0,1,1,0,0
557,2018,JAX,AFC,South,69073.625,Doug,Marrone,16,0,15.3125,19.75,302,311.4375,29,17,5,11,0,1,5,0,4,4,8,0,0,0,0,0
558,2018,KC,AFC,West,75972.5,Andy,Reid,16,2,35.3125,26.3125,425.625,405.5,18,27,12,4,0,5,1,0,1,10,2,0,1,1,0,0
559,2018,LAC,AFC,West,32768.125,Anthony,Lynn,16,2,26.75,20.5625,372.625,333.6875,19,20,12,4,0,4,2,0,2,9,3,0,1,1,0,0
560,2018,LAR,NFC,West,72429.875,Sean,McVay,16,3,32.9375,24,421.125,358.5625,19,30,13,3,0,6,0,0,1,9,3,0,1,2,1,0
561,2018,MIA,AFC,East,65560,Adam,Gase,16,0,19.9375,27.0625,289.875,391.0625,23,28,7,9,0,4,2,0,2,6,6,0,0,0,0,0
562,2018,MIN,NFC,North,66811.375,Mike,Zimmer,16,0,22.5,21.3125,345.5625,309.6875,20,20,8,7,1,3,2,1,2,6,5,1,0,0,0,0
563,2018,NE,AFC,East,65878,Bill,Belichick,16,3,27.25,20.3125,393.4375,359.125,18,28,11,5,0,5,1,0,1,8,4,0,1,3,1,1
564,2018,NO,NFC,South,73051.375,Sean,Payton,16,2,31.5,22.0625,379.1875,349.0625,16,24,13,3,0,4,2,0,1,9,3,0,1,1,0,0
565,2018,NYG,NFC,East,76940.625,Pat,Shurmur,16,0,23.0625,25.75,356.0625,371.375,19,21,5,11,0,1,5,0,4,4,8,0,0,0,0,0
566,2018,NYJ,AFC,East,77982,Todd,Bowles,16,0,20.8125,27.5625,299.1875,380.375,30,20,4,12,0,1,5,0,4,3,9,0,0,0,0,0
567,2018,OAK,AFC,West,57919.125,Jon,Gruden,16,0,18.125,29.1875,336.1875,381.375,24,17,4,12,0,1,5,0,4,3,9,0,0,0,0,0
568,2018,PHI,NFC,East,69696,Doug,Pederson,16,2,22.9375,21.75,365.3125,366.1875,23,17,9,7,0,4,2,0,2,6,6,0,1,1,0,0
569,2018,PIT,AFC,North,63456.375,Mike,Tomlin,16,0,26.75,22.5,403.3125,327.1875,26,15,9,6,1,4,1,1,2,6,5,1,0,0,0,0
570,2018,SEA,NFC,West,69001.125,Pete,Carroll,16,1,26.75,21.6875,353.3125,353.3125,11,26,10,6,0,3,3,0,2,8,4,0,1,0,0,0
571,2018,SF,NFC,West,69148.75,Kyle,Shanahan,16,0,21.375,27.1875,360.5625,346.625,32,7,4,12,0,1,5,0,3,2,10,0,0,0,0,0
572,2018,TB,NFC,South,54356.875,Dirk,Koetter,16,0,24.75,29,415.5,383.375,35,17,5,11,0,2,4,0,4,4,8,0,0,0,0,0
573,2018,TEN,AFC,South,64520.125,Mike,Vrabel,16,0,19.375,18.9375,312.625,333.375,18,17,9,7,0,3,3,0,3,5,7,0,0,0,0,0
574,2018,WAS,NFC,East,61028.375,Jay,Gruden,16,0,17.5625,22.4375,299.6875,353.375,19,26,7,9,0,2,4,0,3,6,6,0,0,0,0,0
575,2019,ARI,NFC,West,61323.25,Kliff,Kingsbury,16,0,22.5625,27.625,341.6875,402,18,17,5,10,1,1,5,0,4,3,8,1,0,0,0,0
576,2019,ATL,NFC,South,71601.375,Dan,Quinn,16,0,23.8125,24.9375,379.6875,355.8125,25,20,7,9,0,4,2,0,2,6,6,0,0,0,0,0
577,2019,BAL,AFC,North,70627.5,John,Harbaugh,16,1,33.1875,17.625,407.5625,300.5625,15,25,14,2,0,5,1,0,1,10,2,0,1,0,0,0
578,2019,BUF,AFC,East,68839.125,Sean,McDermott,16,1,19.625,16.1875,330.1875,298.25,19,23,10,6,0,3,3,0,2,7,5,0,1,0,0,0
579,2019,CAR,NFC,South,"72169.66666666667, 72373.5","Ron,Perry","Rivera (Weeks:1-13),Fewell (Weeks:14-17)","12,4",0,"23.333333333333332, 15.0","26.666666666666668, 37.5","341.25, 343.5","366.6666666666667, 398.0","22.0, 13.0","20.0, 1.0","5, 0","7, 4","0, 0","1, 0","3, 2","0, 0",4,"2, 0","7, 3","0, 0",0,0,0,0
580,2019,CHI,NFC,North,61916.5,Matt,Nagy,16,0,17.5,18.625,296.8125,324.125,19,19,8,8,0,4,2,0,3,7,5,0,0,0,0,0
581,2019,CIN,AFC,North,47179,Zac,Taylor,16,0,17.4375,26.25,323.0625,393.6875,30,16,2,14,0,1,5,0,4,2,10,0,0,0,0,0
582,2019,CLE,AFC,North,67431,Freddie,Kitchens,16,0,20.9375,24.5625,340.9375,361.5625,28,20,6,10,0,3,3,0,3,6,6,0,0,0,0,0
583,2019,DAL,NFC,East,90929,Jason,Garrett,16,0,27.125,20.0625,431.5,327,18,17,8,8,0,5,1,0,2,7,5,0,0,0,0,0
584,2019,DEN,AFC,West,75937.125,Vic,Fangio,16,0,17.625,19.75,298.5625,337,16,17,7,9,0,3,3,0,2,6,6,0,0,0,0,0
585,2019,DET,NFC,North,61342.125,Matt,Patricia,16,0,21.3125,26.4375,346.8125,400.375,23,18,3,12,1,0,6,0,4,2,9,1,0,0,0,0
586,2019,GB,NFC,North,77845.25,Matt,LaFleur,16,2,23.5,19.5625,345.5,352.625,13,25,13,3,0,6,0,0,1,10,2,0,1,1,0,0
587,2019,HOU,AFC,South,71793.125,Bill,O'Brien,16,2,23.625,24.0625,362,388.3125,22,22,10,6,0,4,2,0,1,8,4,0,1,1,0,0
588,2019,IND,AFC,South,61110.75,Frank,Reich,16,0,22.5625,23.3125,327.375,346.8125,21,23,7,9,0,3,3,0,3,5,7,0,0,0,0,0
589,2019,JAX,AFC,South,63085.75,Doug,Marrone,16,0,18.75,24.8125,341.75,375.4375,20,19,6,10,0,2,4,0,4,6,6,0,0,0,0,0
590,2019,KC,AFC,West,73465.375,Andy,Reid,16,3,28.1875,19.25,379.1875,349.625,15,23,12,4,0,6,0,0,1,9,3,0,1,3,1,1
591,2019,LAC,AFC,West,31750.875,Anthony,Lynn,16,0,21.0625,21.5625,367.4375,313.0625,31,14,5,11,0,0,6,0,4,3,9,0,0,0,0,0
592,2019,LAR,NFC,West,72790.625,Sean,McVay,16,0,24.625,22.75,374.875,339.625,24,24,9,7,0,3,3,0,3,7,5,0,0,0,0,0
593,2019,MIA,AFC,East,63067.5,Brian,Flores,16,0,19.125,30.875,310,397.75,26,16,5,11,0,2,4,0,4,4,8,0,0,0,0,0
594,2019,MIN,NFC,North,66849.25,Mike,Zimmer,16,2,25.4375,18.9375,353.5,341.5625,20,31,10,6,0,2,4,0,2,7,5,0,1,1,0,0
595,2019,NE,AFC,East,65878,Bill,Belichick,16,1,26.25,14.0625,354,275.875,15,36,12,4,0,5,1,0,1,8,4,0,1,0,0,0
596,2019,NO,NFC,South,73082.5,Sean,Payton,16,1,28.625,21.3125,373.875,333.0625,8,23,13,3,0,5,1,0,1,9,3,0,1,0,0,0
597,2019,NYG,NFC,East,74664.5,Pat,Shurmur,16,0,21.3125,28.1875,338.5,377.3125,33,16,4,12,0,2,4,0,3,3,9,0,0,0,0,0
598,2019,NYJ,AFC,East,78523,Adam,Gase,16,0,17.25,22.4375,273,323.125,25,21,7,9,0,2,4,0,3,4,8,0,0,0,0,0
599,2019,OAK,AFC,West,53538.875,Jon,Gruden,16,0,19.5625,26.1875,363.6875,354.8125,17,15,7,9,0,3,3,0,3,5,7,0,0,0,0,0
600,2019,PHI,NFC,East,69783.5,Doug,Pederson,16,1,24.0625,22.125,360.75,331.6875,23,20,9,7,0,5,1,0,1,7,5,0,1,0,0,0
601,2019,PIT,AFC,North,62237,Mike,Tomlin,16,0,18.0625,18.9375,276.75,304.125,30,38,8,8,0,3,3,0,2,6,6,0,0,0,0,0
602,2019,SEA,NFC,West,68990.875,Pete,Carroll,16,2,25.3125,24.875,374.4375,381.625,20,32,11,5,0,3,3,0,2,8,4,0,1,1,0,0
603,2019,SF,NFC,West,70305.375,Kyle,Shanahan,16,3,29.9375,19.375,381.0625,281.8125,23,27,13,3,0,5,1,0,1,10,2,0,1,2,1,0
604,2019,TB,NFC,South,51898.625,Bruce,Arians,16,0,28.625,28.0625,397.875,343.9375,41,28,7,9,0,2,4,0,3,5,7,0,0,0,0,0
605,2019,TEN,AFC,South,64509.25,Mike,Vrabel,16,3,25.125,20.6875,362.8125,359.5,17,23,9,7,0,3,3,0,2,7,5,0,1,2,0,0
606,2019,WAS,NFC,East,"72979.33333333333, 60993.6","Jay,Bill","Gruden (Weeks:1-5),Callahan (Weeks:6-17)","5,11",0,"14.6, 17.545454545454547","30.2, 25.818181818181817","281.6, 271.54545454545456","407.8, 374.8181818181818","11.0, 10.0","7.0, 15.0","0, 3","5, 8","0, 0","0, 0","3, 3","0, 0",4,"0, 2","4, 6","0, 0",0,0,0,0
